Unique ID,indicator,probability,threshold
49848,3.3.1,0.4504087890509171,0.4
52348,3.3.1,0.5356933270933558,0.4
52348,3.8.1,0.8067166056159796,0.45
103541,3.4.2,0.9619939696157558,0.55
103541,3.5.1,0.6423176297227993,0.5
52382,3.3.5,0.31150774859927655,0.3
52382,3.b.1,0.25214682529922033,0.25
52382,3.b.2,0.7453514729440518,0.35
47212,3.9.1,0.9129423814421986,0.3
47212,3.9.2,0.8668794091979858,0.55
47212,3.9.3,0.4904051780419,0.4
53549,3.1.1,0.8323838772349946,0.65
53549,3.1.2,0.2677110459502547,0.2
53549,3.7.1,0.962011686310258,0.45
53549,3.7.2,0.9254211002673199,0.35
53549,3.8.1,0.4715102828986726,0.45
89739,3.9.1,0.8983313423149948,0.3
89739,3.9.2,0.5984619245185567,0.55
89739,3.9.3,0.5554005544608388,0.4
19404,3.9.1,0.9763301616680198,0.3
19404,3.9.3,0.5248737188120086,0.4
76348,3.9.1,0.8650847347901613,0.3
73607,3.9.1,0.7845386598238702,0.3
73607,3.9.3,0.5727865646435801,0.4
46632,3.9.1,0.9205105722892353,0.3
91634,3.1.1,0.9887466572363326,0.65
91634,3.1.2,0.5174896121833656,0.2
91634,3.2.1,0.9439190176166252,0.65
90821,3.3.4,0.9548127140987724,0.25
90821,3.3.5,0.8670850714284222,0.3
90821,3.8.1,0.6997836166798412,0.45
90821,3.9.2,0.6393433373145991,0.55
91103,3.3.5,0.9966574756330622,0.3
91103,3.9.2,0.7215719013046475,0.55
91103,3.b.1,0.8160624024495732,0.25
91271,3.3.2,0.9856457907443901,0.4
91285,3.3.2,0.9683201444241378,0.4
91312,3.3.2,0.9915279290160681,0.4
91520,3.3.2,0.8537999198814582,0.4
91674,3.3.3,0.9916938600985608,0.5
92618,3.3.3,0.9994770925082475,0.5
91629,3.3.3,0.9977451374599576,0.5
92492,3.3.3,0.9958737136591411,0.5
92492,3.3.5,0.450594599862549,0.3
91952,3.3.3,0.9908483392083698,0.5
91677,3.a.1,0.9625164135096522,0.35
90775,3.3.4,0.9972122977459158,0.25
90775,3.3.5,0.5577999757813153,0.3
91432,3.3.4,0.9937195764133983,0.25
91432,3.3.5,0.6214097520663915,0.3
208743,3.3.3,0.99496074971712,0.5
216630,3.3.1,0.9827979042786084,0.4
216670,3.3.1,0.9972377337807761,0.4
217748,3.2.2,0.4655696577223859,0.65
219923,3.2.2,0.6979804868355174,0.65
219923,3.b.2,0.4439085686176627,0.35
222904,3.2.1,0.8883024367517012,0.65
222904,3.2.2,0.9114120187898527,0.65
212579,3.1.2,0.33538187603732406,0.2
212579,3.7.1,0.9130436094467113,0.45
212579,3.7.2,0.8119700428288688,0.35
212579,3.8.1,0.9787392505276256,0.45
213045,3.1.1,0.9692715937506431,0.65
213045,3.1.2,0.9684348230260655,0.2
213045,3.7.1,0.944752421007929,0.45
213045,3.7.2,0.8948492505449565,0.35
213045,3.8.1,0.5077699375456279,0.45
212949,3.b.1,0.97710342946155,0.25
214544,3.b.1,0.9901032822797553,0.25
215603,3.b.1,0.9937469277077745,0.25
214291,3.b.2,0.8658121720706313,0.35
215504,3.b.1,0.936164995073288,0.25
215504,3.b.2,0.760106453914148,0.35
889,3.3.1,0.5416799267335741,0.4
889,3.5.1,0.9771851450662212,0.5
889,3.5.2,0.9528894163464072,0.55
889,3.a.1,0.9203130824880332,0.35
889,3.b.2,0.9316749178796817,0.35
913,3.5.1,0.9846133360216681,0.5
913,3.5.2,0.587088356539562,0.55
913,3.a.1,0.7720987970594454,0.35
913,3.b.2,0.9873448031334893,0.35
930,3.4.2,0.6100107918770022,0.55
930,3.5.1,0.997786013848255,0.5
930,3.5.2,0.8762680110563387,0.55
930,3.a.1,0.9844666416625684,0.35
930,3.b.2,0.8674974881730977,0.35
967,3.4.1,0.9245917331072309,0.5
967,3.5.1,0.5917906302470488,0.5
967,3.a.1,0.8354797916967616,0.35
967,3.b.2,0.8588358562798937,0.35
973,3.5.1,0.9745144857330508,0.5
973,3.5.2,0.6387866908389277,0.55
973,3.a.1,0.9365618102082371,0.35
973,3.b.2,0.9645902771506458,0.35
1008,3.4.1,0.5385770847350706,0.5
1008,3.5.1,0.9908315132873314,0.5
1008,3.5.2,0.7806709952711559,0.55
1008,3.a.1,0.9766374893727916,0.35
1008,3.b.2,0.8641883055094135,0.35
1050,3.4.1,0.8042354109302758,0.5
1050,3.5.2,0.5540789458544403,0.55
1050,3.a.1,0.5621427892985142,0.35
1050,3.b.2,0.7482769014457408,0.35
1070,3.4.2,0.5519500625551539,0.55
1070,3.5.1,0.9988418907037603,0.5
1070,3.5.2,0.7469420594149396,0.55
1070,3.a.1,0.9914386335088277,0.35
1070,3.b.2,0.9565856327373092,0.35
1071,3.5.1,0.9733788372832697,0.5
1071,3.5.2,0.956791824736448,0.55
1071,3.a.1,0.8817417301913218,0.35
1071,3.b.2,0.9355845222568475,0.35
1131,3.4.1,0.9001524774525779,0.5
1131,3.4.2,0.9790517845565259,0.55
1131,3.a.1,0.9676512447007437,0.35
1131,3.b.2,0.9278296362467817,0.35
12800,3.4.2,0.9663955934929864,0.55
12800,3.5.1,0.8513371212608947,0.5
12800,3.b.2,0.8296820056286126,0.35
12847,3.4.2,0.7118341748194951,0.55
12847,3.5.1,0.58392522918059,0.5
12847,3.6.1,0.4603413067427652,0.15
12847,3.8.1,0.7920298280041087,0.45
14527,3.4.2,0.6866785745075947,0.55
14527,3.5.1,0.8238440232913556,0.5
14527,3.5.2,0.653569195005811,0.55
14527,3.a.1,0.36579647099058543,0.35
14527,3.b.2,0.6915850061198785,0.35
11655,3.3.1,0.8614699052535543,0.4
11655,3.8.1,0.6521957583085323,0.45
11655,3.d.1,0.5190755425398877,0.45
11657,3.3.1,0.9465309965663873,0.4
11657,3.3.2,0.7190519836647314,0.4
11657,3.3.5,0.7355058953461594,0.3
11810,3.3.1,0.9910048779480379,0.4
11810,3.8.1,0.7018314776163439,0.45
11863,3.3.1,0.9925047718606641,0.4
12189,3.3.5,0.8781949717167424,0.3
12189,3.d.1,0.9986246157694911,0.45
12232,3.3.5,0.9902286519469288,0.3
12232,3.b.1,0.9213763179639651,0.25
12232,3.d.1,0.847186718831566,0.45
12233,3.3.5,0.9897139813752769,0.3
12233,3.b.1,0.854921808110507,0.25
12233,3.d.1,0.8120473140800984,0.45
12437,3.3.5,0.982123597176131,0.3
12437,3.b.1,0.33299244301569036,0.25
12437,3.d.1,0.9949014523881812,0.45
14036,3.3.1,0.9196550078490341,0.4
14036,3.7.1,0.8179325583924094,0.45
14036,3.7.2,0.6991885403947538,0.35
14541,3.3.5,0.9977720945400945,0.3
14541,3.b.1,0.3347660026774817,0.25
14541,3.d.1,0.9745141842136712,0.45
14543,3.3.1,0.5089034315721277,0.4
14543,3.3.2,0.951129846105675,0.4
14543,3.3.4,0.3537266524424233,0.25
14543,3.3.5,0.9867621579230095,0.3
14543,3.b.1,0.26267178120643364,0.25
14543,3.d.1,0.9470842538073461,0.45
11679,3.3.4,0.9135165216143197,0.25
11679,3.4.1,0.9296657897232682,0.5
11679,3.b.2,0.5679581466876527,0.35
259030,3.1.1,0.8807039762992075,0.65
259030,3.1.2,0.2504359868638991,0.2
259030,3.2.1,0.8295449486131012,0.65
259030,3.3.1,0.7253591946682949,0.4
259030,3.3.4,0.8382175011327297,0.25
259030,3.7.1,0.4523984272327087,0.45
290280,3.3.1,0.9693569539464278,0.4
290280,3.3.4,0.4528841779905395,0.25
257494,3.3.1,0.44889295839287285,0.4
257494,3.8.1,0.6775315973963079,0.45
257494,3.8.2,0.6782800974921299,0.65
257494,3.b.1,0.44889276066853534,0.25
266991,3.4.1,0.9496496503611557,0.5
285341,3.2.1,0.9289825708587289,0.65
285341,3.9.2,0.5796113591190255,0.55
208935,3.3.3,0.9805637351541854,0.5
208935,3.8.1,0.5706869952954985,0.45
215501,3.3.3,0.99247649636689,0.5
215560,3.3.3,0.9990265305096522,0.5
217154,3.3.3,0.9803791277337174,0.5
217178,3.3.3,0.993368720536298,0.5
217791,3.3.3,0.9991479540302952,0.5
221905,3.3.3,0.9970331795172565,0.5
221905,3.b.1,0.8075248260939983,0.25
221905,3.b.2,0.6838397618559001,0.35
221928,3.3.3,0.9813423456878074,0.5
221928,3.b.1,0.8016958111285405,0.25
221956,3.3.3,0.9952191178365367,0.5
221977,3.3.3,0.9896404117280513,0.5
221987,3.3.3,0.7880162035016732,0.5
222030,3.3.2,0.9990436819830801,0.4
222030,3.3.3,0.9979569118328329,0.5
222047,3.3.3,0.9786133854987202,0.5
222871,3.3.3,0.9855356678259857,0.5
228157,3.2.1,0.8543460802010561,0.65
228157,3.3.3,0.9966042458029729,0.5
228157,3.d.1,0.570997745747206,0.45
231419,3.3.3,0.9736785403564407,0.5
231419,3.b.1,0.6404530257586927,0.25
232513,3.3.3,0.9714420985906757,0.5
235498,3.3.3,0.9985963755831067,0.5
208818,3.1.1,0.973384940685786,0.65
208818,3.8.1,0.5520277872008978,0.45
210268,3.1.1,0.999900521759571,0.65
210268,3.2.1,0.7603295900656171,0.65
210268,3.7.1,0.7659287137166435,0.45
210268,3.7.2,0.7435012632923658,0.35
212264,3.1.1,0.9865710678397376,0.65
212264,3.7.1,0.9900157831633571,0.45
212264,3.7.2,0.9738465037419199,0.35
212264,3.8.1,0.7164047793738988,0.45
214269,3.1.1,0.9865247613663439,0.65
214269,3.1.2,0.7193694547220523,0.2
214269,3.2.1,0.9826985763590171,0.65
215439,3.1.1,0.9954788597623347,0.65
215439,3.1.2,0.22618648098226474,0.2
215439,3.2.1,0.7089913195303233,0.65
216256,3.1.1,0.968345669503385,0.65
216256,3.2.1,0.830241956458551,0.65
232511,3.1.1,0.9501395808946218,0.65
232511,3.1.2,0.2500064063998361,0.2
232511,3.8.1,0.45697378841690595,0.45
232846,3.1.1,0.937825909534599,0.65
232846,3.1.2,0.6175074987648788,0.2
232846,3.2.1,0.92407163402563,0.65
232846,3.7.1,0.8834579872444137,0.45
232846,3.7.2,0.7333530420435982,0.35
232846,3.8.1,0.5006168382822014,0.45
234120,3.1.1,0.9805386017086655,0.65
234120,3.1.2,0.30856259549613474,0.2
234120,3.2.1,0.6543891113490634,0.65
234120,3.2.2,0.9964128156184333,0.65
217806,3.5.1,0.5367194583014012,0.5
208007,3.1.2,0.21219926200866307,0.2
208007,3.3.1,0.9877991106774529,0.4
208007,3.8.1,0.8182092666480036,0.45
208007,3.b.3,0.7888827072898232,0.6
213424,3.3.1,0.9805421103676555,0.4
214224,3.3.1,0.9971028278171954,0.4
215471,3.3.1,0.9886781803616445,0.4
217747,3.1.1,0.934904553521124,0.65
217747,3.2.1,0.9824963789318126,0.65
217747,3.3.1,0.9933259253439665,0.4
217757,3.3.1,0.9898164997725527,0.4
217779,3.3.1,0.9379637318718881,0.4
217779,3.8.1,0.5299397840706707,0.45
219770,3.2.1,0.9063944317052541,0.65
219770,3.3.1,0.9990042947395308,0.4
219844,3.3.1,0.8313278140479581,0.4
219844,3.b.1,0.2866297784853724,0.25
219899,3.3.1,0.9931660527689274,0.4
219899,3.b.2,0.48375074450170763,0.35
220249,3.3.1,0.9095848494192257,0.4
220249,3.3.2,0.8268770804996338,0.4
220409,3.3.1,0.9957682773241705,0.4
221073,3.3.1,0.9143526571956684,0.4
221073,3.4.1,0.9153077346502364,0.5
222227,3.3.1,0.9955181946851968,0.4
225066,3.3.1,0.9757458021263012,0.4
232253,3.3.1,0.9995248938107302,0.4
233368,3.3.1,0.9955448478694677,0.4
234275,3.3.1,0.9990097296394203,0.4
234398,3.3.1,0.9682153369405677,0.4
234398,3.4.1,0.6800111857638544,0.5
234693,3.3.1,0.999890507955922,0.4
234705,3.3.1,0.9998494333723015,0.4
212424,3.7.1,0.5878307493100627,0.45
212424,3.7.2,0.6712745603121048,0.35
232339,3.b.2,0.819851795362596,0.35
229117,3.2.1,0.7095521365236225,0.65
229117,3.a.1,0.9589291872255133,0.35
218150,3.8.1,0.9010797170012986,0.45
218150,3.8.2,0.9251697486125081,0.65
218150,3.b.3,0.728915094154451,0.6
231660,3.8.1,0.9832605027423689,0.45
231660,3.8.2,0.9952730217290653,0.65
231660,3.b.3,0.9333701026507486,0.6
235245,3.8.1,0.8151110075945776,0.45
235245,3.8.2,0.7073522356444335,0.65
235245,3.b.1,0.9830676189803272,0.25
235245,3.b.3,0.8332881541967244,0.6
217749,3.3.1,0.8014857388574357,0.4
206943,3.7.1,0.9275329377855803,0.45
206943,3.7.2,0.6942654646073826,0.35
206943,3.8.1,0.47132168153721743,0.45
219829,3.7.1,0.9885391866249287,0.45
219829,3.7.2,0.9319877498560913,0.35
219829,3.8.1,0.8963562669338934,0.45
219865,3.7.1,0.92093357478001,0.45
219865,3.7.2,0.7500747219307049,0.35
219865,3.8.1,0.710517223422547,0.45
221993,3.1.2,0.28921191520809764,0.2
221993,3.7.1,0.9778339650808543,0.45
221993,3.7.2,0.8263531257446757,0.35
221993,3.8.1,0.9544727341290657,0.45
226606,3.1.2,0.2800484092585332,0.2
226606,3.7.1,0.9744589910085955,0.45
226606,3.7.2,0.9079812716204476,0.35
226606,3.8.1,0.567351596547246,0.45
227142,3.8.1,0.6489938009491121,0.45
230928,3.4.1,0.9224890978753887,0.5
235532,3.1.2,0.4821492730276219,0.2
235532,3.7.1,0.9883319841310818,0.45
235532,3.7.2,0.9650209750244441,0.35
235532,3.8.1,0.6718311215769639,0.45
216607,3.1.2,0.8236164651448539,0.2
216607,3.c.1,0.9514508082609665,0.6
230691,3.1.1,0.7945117090437092,0.65
230691,3.1.2,0.9626877689295952,0.2
230691,3.7.2,0.6991687892493264,0.35
230691,3.c.1,0.6524382308602419,0.6
232251,3.9.2,0.9999797233201516,0.55
232252,3.3.5,0.9269515824329291,0.3
232252,3.9.2,0.9653805331226786,0.55
233986,3.9.2,0.9999388048883346,0.55
234055,3.9.2,0.9998585793801197,0.55
223982,3.a.1,0.6958327949862801,0.35
217499,3.4.2,0.8927466432870149,0.55
227356,3.4.2,0.8786630645838087,0.55
212655,3.3.5,0.7883920919980609,0.3
212655,3.d.1,0.9830244831152488,0.45
224913,3.d.1,0.9724926561932088,0.45
231595,3.8.1,0.506721650174554,0.45
231595,3.d.1,0.976819057897041,0.45
232678,3.d.1,0.9760549448720917,0.45
232680,3.d.1,0.9641309841335768,0.45
232685,3.8.1,0.38631079608253094,0.45
217144,3.8.1,0.7630348881679034,0.45
217144,3.b.3,0.7257826129131817,0.6
223836,3.4.1,0.9546726508468184,0.5
224307,3.4.1,0.9262126459144896,0.5
233382,3.4.1,0.9346533932474635,0.5
234765,3.4.1,0.9899316332005987,0.5
222491,3.4.1,0.8977972041183594,0.5
235249,3.3.5,0.7952163036526828,0.3
217752,3.3.4,0.99952863896222,0.25
231178,3.3.4,0.9987775919031519,0.25
217740,3.3.2,0.999461185549851,0.4
217792,3.3.2,0.9986140474903564,0.4
219758,3.3.2,0.9137412800453275,0.4
222223,3.3.2,0.9998443849292614,0.4
229066,3.3.2,0.9958538341684224,0.4
234683,3.3.2,0.9863919314234858,0.4
234691,3.3.2,0.9996604290339417,0.4
234696,3.3.2,0.9888759186255489,0.4
217768,3.3.2,0.9856458759740252,0.4
217771,3.3.2,0.9987392019472867,0.4
218986,3.3.2,0.9878020548835229,0.4
218986,3.4.1,0.9987923899457206,0.5
232496,3.3.5,0.9310128896209333,0.3
232496,3.d.1,0.6670314061566467,0.45
212689,3.b.1,0.9440730150776111,0.25
212689,3.b.2,0.8949752375442466,0.35
215533,3.b.1,0.9959455555071272,0.25
215533,3.b.2,0.7797865966623025,0.35
216805,3.3.5,0.9721947142626619,0.3
216805,3.b.1,0.988229263666746,0.25
216805,3.d.1,0.5778155497778212,0.45
217090,3.8.1,0.4864830772398596,0.45
217090,3.b.1,0.983369779192036,0.25
217097,3.b.1,0.9299556005549764,0.25
217097,3.b.2,0.8165782335918267,0.35
221881,3.b.1,0.9870434282636115,0.25
221914,3.b.1,0.9972303175779444,0.25
221914,3.b.2,0.7293510518055726,0.35
221947,3.b.1,0.978817482786058,0.25
221947,3.b.2,0.36732093341627964,0.35
222034,3.b.1,0.9626506710568704,0.25
222034,3.b.2,0.9129938971511125,0.35
224862,3.b.1,0.9976781253716107,0.25
233357,3.3.1,0.46030139897304295,0.4
233357,3.b.1,0.6654405060716019,0.25
91771,3.2.2,0.8375954118595057,0.65
91771,3.3.1,0.9698055820660172,0.4
90679,3.1.1,0.9350120259458208,0.65
90679,3.7.1,0.7174448012228509,0.45
90679,3.7.2,0.5710210666483747,0.35
90679,3.8.1,0.7933620060364459,0.45
92567,3.4.1,0.9269186157757363,0.5
92567,3.7.1,0.6678141049506221,0.45
92567,3.7.2,0.672117299769735,0.35
92567,3.8.1,0.49853742150022007,0.45
92157,3.4.1,0.9623451886879797,0.5
92157,3.8.1,0.4551594270183145,0.45
90678,3.4.1,0.9681329212522671,0.5
90678,3.8.1,0.8010223375925598,0.45
91227,3.4.2,0.8486401417416851,0.55
91227,3.5.1,0.6250563952346174,0.5
91227,3.8.1,0.7026788056191107,0.45
91227,3.d.1,0.9774639320926419,0.45
90638,3.7.1,0.9971193266939964,0.45
90638,3.7.2,0.9914790841046153,0.35
90638,3.8.1,0.976499468017977,0.45
90688,3.7.1,0.9836365346950335,0.45
90688,3.7.2,0.9805541763812136,0.35
90688,3.8.1,0.9066589875336907,0.45
91552,3.7.1,0.9997110051367701,0.45
91552,3.7.2,0.9989247642645496,0.35
91552,3.8.1,0.5534225755585334,0.45
92753,3.1.2,0.29372459916519056,0.2
92753,3.7.1,0.9908679921660248,0.45
92753,3.7.2,0.970646264346157,0.35
92753,3.8.1,0.8730645386025417,0.45
91685,3.7.1,0.9900048978322729,0.45
91685,3.7.2,0.970095357576259,0.35
91685,3.8.1,0.8299879684369962,0.45
92187,3.9.2,0.9379849672458926,0.55
92082,3.8.1,0.6030956982895709,0.45
92082,3.9.2,0.9199412186986062,0.55
92350,3.9.2,0.9595453145840042,0.55
90939,3.9.2,0.9816405033012183,0.55
92698,3.9.2,0.9565379925207753,0.55
91647,3.9.2,0.6881230952987641,0.55
91538,3.9.2,0.551336838273494,0.55
91538,3.d.1,0.46644220797740144,0.45
91334,3.3.2,0.9977565541858076,0.4
92826,3.3.2,0.9987845514750446,0.4
90984,3.b.1,0.9059021628243267,0.25
45106,3.3.1,0.9796444661343837,0.4
50862,3.3.1,0.9784738718669659,0.4
50862,3.8.1,0.8404020406728386,0.45
50862,3.8.2,0.6575544839642276,0.65
50961,3.1.1,0.6784182404715595,0.65
50961,3.3.1,0.6063136714005934,0.4
50961,3.3.2,0.4238512736422485,0.4
50961,3.8.1,0.7170126866078081,0.45
51134,3.1.2,0.6246099974417785,0.2
51134,3.7.1,0.8554868966330802,0.45
51134,3.7.2,0.8673251448134672,0.35
51134,3.8.1,0.7621246310695067,0.45
51134,3.d.1,0.5037149691043931,0.45
51149,3.1.2,0.6796953322561303,0.2
51149,3.7.2,0.5009298046950417,0.35
51149,3.8.1,0.6998810567494578,0.45
51863,3.1.1,0.9880984944681632,0.65
51863,3.1.2,0.23051766086856768,0.2
51863,3.2.1,0.9963714587544201,0.65
51863,3.2.2,0.7315391292348377,0.65
51863,3.7.1,0.6377835961650257,0.45
51863,3.7.2,0.6095989904508994,0.35
51863,3.8.1,0.4614216923546688,0.45
47010,3.3.3,0.9913707498247186,0.5
47010,3.b.2,0.6395853366105062,0.35
51082,3.3.3,0.8172039309220522,0.5
51082,3.b.2,0.5121517949051575,0.35
45629,3.3.5,0.521682006137066,0.3
45629,3.9.2,0.8612697396782948,0.55
45629,3.b.1,0.2746685241126202,0.25
45629,3.d.1,0.9612675634258239,0.45
48423,3.d.1,0.5310300320313593,0.45
50732,3.4.1,0.846468704733969,0.5
50732,3.b.2,0.4169221186848091,0.35
45391,3.8.1,0.8151820945339958,0.45
45391,3.b.2,0.8961529717121088,0.35
45391,3.b.3,0.7767436040820113,0.6
45279,3.a.1,0.9577549418398528,0.35
48474,3.1.2,0.4331152507063436,0.2
48474,3.6.1,0.7258860398912809,0.15
48474,3.c.1,0.6636213341786827,0.6
48474,3.d.1,0.7559432303699511,0.45
50657,3.1.2,0.3652984927530023,0.2
50657,3.2.1,0.7129679662819559,0.65
50657,3.7.1,0.972669942630931,0.45
50657,3.7.2,0.8997731908204625,0.35
50657,3.8.1,0.7853320590851842,0.45
50657,3.b.1,0.614150815838028,0.25
51156,3.1.2,0.762029022445665,0.2
51156,3.7.1,0.9661802756772533,0.45
51156,3.7.2,0.9619438367731851,0.35
51156,3.8.1,0.8817898421865576,0.45
48698,3.9.2,0.8962695914259937,0.55
48698,3.b.1,0.5287049908794922,0.25
45636,3.2.1,0.7638917581691935,0.65
45636,3.3.5,0.3258342240464,0.3
45636,3.9.2,0.9259552714372425,0.55
45636,3.d.1,0.7443457834821212,0.45
48339,3.8.1,0.7486261059786314,0.45
48339,3.9.2,0.9009465572592417,0.55
48339,3.b.1,0.31509716628845075,0.25
48339,3.d.1,0.8042596643887203,0.45
50481,3.3.5,0.9884911969258465,0.3
50481,3.8.1,0.6627029620171192,0.45
50481,3.9.2,0.9587779288754839,0.55
50481,3.d.1,0.9271482709967316,0.45
50560,3.2.1,0.7671560794539896,0.65
50703,3.9.2,0.9963021846068628,0.55
50951,3.1.2,0.7210475124840183,0.2
50951,3.7.1,0.9569267120162717,0.45
50951,3.7.2,0.9571522722107504,0.35
50951,3.9.2,0.962723059146867,0.55
51054,3.9.2,0.8660957758918385,0.55
51054,3.d.1,0.7754582536897826,0.45
51694,3.2.1,0.7606458060547951,0.65
51694,3.9.2,0.825680605669433,0.55
48348,3.9.2,0.5597250567131146,0.55
48348,3.d.1,0.7821339690586318,0.45
45475,3.3.5,0.37601626713275266,0.3
45475,3.9.2,0.7597406159524023,0.55
45475,3.d.1,0.9321823634703619,0.45
45601,3.9.2,0.7769177911333702,0.55
45601,3.d.1,0.961807087063063,0.45
48174,3.d.1,0.8619932191961482,0.45
48623,3.1.2,0.24620162505696608,0.2
48623,3.8.1,0.5367729750470609,0.45
48623,3.b.1,0.38593459121152496,0.25
48623,3.d.1,0.7920530970360533,0.45
48829,3.3.5,0.5494392076428762,0.3
48829,3.d.1,0.8519508268335589,0.45
48861,3.3.5,0.9979266909761577,0.3
48861,3.d.1,0.9970339606099718,0.45
49064,3.3.5,0.981763840401606,0.3
49064,3.b.1,0.3138173687564449,0.25
49064,3.d.1,0.9944260967675069,0.45
50377,3.3.5,0.9799152531748404,0.3
50377,3.d.1,0.9975973850954789,0.45
50544,3.3.5,0.8331307967224095,0.3
50544,3.8.1,0.5750399385943903,0.45
50544,3.b.1,0.3572596441480965,0.25
50544,3.d.1,0.9859238050164492,0.45
51253,3.4.2,0.598470693392297,0.55
51253,3.5.1,0.7338775697110127,0.5
51253,3.d.1,0.9023279978892276,0.45
51364,3.d.1,0.816227288432926,0.45
48363,3.b.2,0.6243618062018306,0.35
48363,3.b.3,0.6054415151078465,0.6
48898,3.d.1,0.3177941618024559,0.45
45420,3.9.1,0.9410484184838801,0.3
51136,3.1.2,0.6169510577613088,0.2
51136,3.7.1,0.9789587675790683,0.45
51136,3.7.2,0.9836165950939266,0.35
51136,3.8.1,0.7500696999322697,0.45
11284,3.3.5,0.990929064079816,0.3
11284,3.b.2,0.8529590329135811,0.35
11295,3.1.1,0.9296124248224934,0.65
11295,3.2.1,0.9386341005636623,0.65
11295,3.8.1,0.5279405029158064,0.45
11316,3.b.2,0.3893591271221687,0.35
11329,3.3.5,0.44184804244890763,0.3
11329,3.b.2,0.608777389692278,0.35
11329,3.c.1,0.9473648353402566,0.6
11356,3.b.2,0.3660202937291769,0.35
11356,3.c.1,0.9943503304114054,0.6
11358,3.b.2,0.9611811615611361,0.35
11370,3.b.2,0.8993641090704811,0.35
11375,3.b.2,0.9281199577904973,0.35
11390,3.b.2,0.6856943402399742,0.35
11390,3.c.1,0.9733632142082476,0.6
11406,3.8.1,0.49582714279172296,0.45
11406,3.b.2,0.950282546671954,0.35
11428,3.4.1,0.983815377469138,0.5
11428,3.5.2,0.6736643526102295,0.55
11428,3.a.1,0.9697870993239455,0.35
11428,3.b.2,0.7529077029119047,0.35
11429,3.b.2,0.9597113485694522,0.35
11437,3.1.2,0.3892684898334557,0.2
11437,3.b.2,0.5001470518691943,0.35
11437,3.c.1,0.8061254265412536,0.6
11474,3.b.2,0.9774459983835997,0.35
11475,3.b.2,0.9827579963628681,0.35
11476,3.4.1,0.9682603884458545,0.5
11476,3.b.2,0.9205266249432333,0.35
11486,3.1.2,0.20348429685189168,0.2
11486,3.b.2,0.9765845949021768,0.35
11489,3.1.2,0.2709671296138626,0.2
11489,3.b.2,0.9681155380425078,0.35
11490,3.1.1,0.727203017855313,0.65
11490,3.1.2,0.5322207207666687,0.2
11490,3.2.1,0.7113152116833369,0.65
11490,3.b.2,0.9266963425644493,0.35
11494,3.b.2,0.806929384010203,0.35
11512,3.b.2,0.9143321941639178,0.35
11514,3.b.2,0.8731048397848731,0.35
11535,3.1.2,0.20985575732896367,0.2
11535,3.4.2,0.946409082181228,0.55
11535,3.5.1,0.9266142455864396,0.5
11535,3.b.2,0.9811031129803605,0.35
11539,3.b.2,0.9807549411188701,0.35
11540,3.b.2,0.9885184099519952,0.35
11543,3.1.2,0.30227853454035525,0.2
11543,3.b.2,0.9478379434849373,0.35
11580,3.5.2,0.9548120886375719,0.55
11580,3.8.1,0.7225806421038635,0.45
11580,3.b.2,0.969237922633144,0.35
11610,3.b.2,0.6789502869610871,0.35
11616,3.1.1,0.7369777256561298,0.65
11616,3.2.1,0.9932659812919158,0.65
11620,3.3.5,0.6405326354113743,0.3
11620,3.b.1,0.8477262714463835,0.25
11620,3.d.1,0.9033227707104995,0.45
11626,3.3.5,0.9478977747410351,0.3
11626,3.b.2,0.38855014392194565,0.35
11631,3.4.1,0.7137502753500411,0.5
11631,3.b.2,0.7458689287683167,0.35
11637,3.3.5,0.817454805283168,0.3
11637,3.8.1,0.6471479385311234,0.45
11637,3.b.2,0.768004690778896,0.35
11651,3.3.1,0.9846215207802427,0.4
11651,3.8.1,0.8004965988590211,0.45
11651,3.b.3,0.6584194018229368,0.6
11658,3.b.2,0.9694406752725724,0.35
11662,3.3.1,0.9935620377586989,0.4
11662,3.3.2,0.6986039098951361,0.4
11667,3.2.1,0.898446300897177,0.65
11667,3.4.1,0.9478455117461437,0.5
11667,3.b.2,0.5277690054630346,0.35
11687,3.3.4,0.7006363416594477,0.25
11687,3.5.2,0.841535019056477,0.55
11687,3.b.2,0.8015700783663792,0.35
11690,3.b.2,0.9730396526106606,0.35
11691,3.3.4,0.896890588612357,0.25
11691,3.5.2,0.8127809865495704,0.55
11691,3.b.2,0.5629720662753077,0.35
11692,3.3.4,0.8902206441976803,0.25
11692,3.5.2,0.9426871618408375,0.55
11692,3.b.2,0.7803813562110076,0.35
11693,3.3.4,0.8897598326644195,0.25
11693,3.5.2,0.9231217033603603,0.55
11693,3.b.2,0.6606552718504459,0.35
11716,3.3.1,0.9976632467300478,0.4
11716,3.b.1,0.6000293034470351,0.25
11718,3.b.2,0.9872908152677777,0.35
11721,3.3.1,0.9934106859258165,0.4
11721,3.b.2,0.5288445763122862,0.35
11732,3.3.1,0.9912009251616676,0.4
11732,3.4.2,0.9662093683972226,0.55
11733,3.4.1,0.9248607872043435,0.5
11733,3.b.2,0.7113995815596674,0.35
11734,3.4.1,0.8845197275176981,0.5
11734,3.5.1,0.9859185566694617,0.5
11734,3.5.2,0.9861198624330887,0.55
11734,3.a.1,0.9922649851834482,0.35
11734,3.b.2,0.8112624660954137,0.35
11750,3.3.1,0.8869034454358344,0.4
11750,3.7.1,0.6660569223430783,0.45
11750,3.7.2,0.6544109517136864,0.35
11750,3.b.2,0.8090789974047672,0.35
11755,3.3.1,0.9915970845716573,0.4
11755,3.8.1,0.4929238799275553,0.45
11766,3.3.1,0.8961291857036289,0.4
11766,3.b.2,0.3654062501919294,0.35
11781,3.3.1,0.8811173552704992,0.4
11781,3.5.2,0.6683811191919007,0.55
11781,3.b.2,0.8087934805071632,0.35
11786,3.3.1,0.9913275946385167,0.4
11786,3.3.2,0.8723325742097565,0.4
11786,3.8.1,0.7920974598582001,0.45
11786,3.b.3,0.7189164789779143,0.6
11805,3.6.1,0.42991999509398815,0.15
11805,3.b.2,0.5359086050346514,0.35
11806,3.b.2,0.8748369910576237,0.35
11814,3.b.2,0.966959377943128,0.35
11827,3.3.3,0.5670969323748999,0.5
11827,3.b.1,0.329051082230129,0.25
11833,3.8.1,0.7779841266350714,0.45
11833,3.b.2,0.5057910586773058,0.35
11836,3.b.2,0.9583551554114963,0.35
11844,3.b.2,0.9028471156627382,0.35
11857,3.4.1,0.8405281583064568,0.5
11857,3.b.2,0.9608981673081008,0.35
11867,3.b.2,0.9535344931902946,0.35
11871,3.b.2,0.9606992645400909,0.35
11884,3.4.1,0.7417638138669884,0.5
11884,3.b.2,0.8270594817223968,0.35
11900,3.b.2,0.46580012432122236,0.35
11900,3.c.1,0.6369438204362307,0.6
11911,3.b.1,0.8991701571515756,0.25
11911,3.b.2,0.47541298194273496,0.35
11911,3.c.1,0.7423835474004359,0.6
11917,3.b.2,0.8443543150928658,0.35
11918,3.b.2,0.9857557866846314,0.35
11920,3.1.2,0.6452235733684997,0.2
11920,3.8.1,0.6334961514070756,0.45
11920,3.b.1,0.6811125039237631,0.25
11920,3.c.1,0.8691659501528473,0.6
11934,3.4.1,0.9685081627178865,0.5
11934,3.b.2,0.916541284799053,0.35
11944,3.4.2,0.9058232316867924,0.55
11944,3.5.1,0.8341598310955041,0.5
11944,3.b.2,0.8701469518391752,0.35
11944,3.d.1,0.6135803387547655,0.45
11970,3.3.1,0.9797794451509647,0.4
11970,3.8.1,0.6304578734156677,0.45
11984,3.4.1,0.9648599467016951,0.5
11984,3.b.2,0.6965460567310211,0.35
11985,3.4.1,0.9083405136638081,0.5
11985,3.b.2,0.7273643002585694,0.35
12006,3.4.1,0.9737231487731121,0.5
12006,3.b.2,0.7573228131273856,0.35
12034,3.b.1,0.44878231483935704,0.25
12034,3.b.2,0.9611431745420134,0.35
12063,3.3.1,0.9889453372330993,0.4
12071,3.4.1,0.9008532841269224,0.5
12071,3.b.2,0.9286320253450742,0.35
12076,3.3.1,0.9948433189058785,0.4
12076,3.3.2,0.5821921178284489,0.4
12079,3.b.2,0.9083399209415761,0.35
12082,3.3.1,0.9989723896173948,0.4
12096,3.8.1,0.8315611041966007,0.45
12096,3.b.2,0.4512963087045378,0.35
12099,3.7.1,0.6063505103019251,0.45
12099,3.7.2,0.591662481052746,0.35
12099,3.8.1,0.7393579673421395,0.45
12100,3.b.2,0.9732794472155268,0.35
12128,3.b.2,0.9114401181811813,0.35
12129,3.b.2,0.9635335553010131,0.35
12131,3.3.1,0.9126681161861998,0.4
12131,3.5.1,0.5879947852107663,0.5
12131,3.b.2,0.8966950373776328,0.35
12134,3.8.1,0.7440358412165751,0.45
12134,3.8.2,0.7335444845530492,0.65
12150,3.1.2,0.4662104154068196,0.2
12150,3.c.1,0.9740037333367105,0.6
12156,3.b.2,0.8532507679693628,0.35
12171,3.8.1,0.5601386156798706,0.45
12171,3.c.1,0.9716694022206153,0.6
12173,3.8.1,0.8654670868480769,0.45
12173,3.b.2,0.6519524854579071,0.35
12177,3.2.1,0.8082803073297411,0.65
12177,3.b.1,0.96294391670498,0.25
12179,3.8.1,0.4555968226359859,0.45
12179,3.b.1,0.4088742230781814,0.25
12179,3.b.2,0.3995850972929811,0.35
12186,3.b.2,0.8757813074029828,0.35
12191,3.1.1,0.8107757752499104,0.65
12191,3.2.1,0.8195645560109704,0.65
12191,3.8.1,0.578662778688622,0.45
12197,3.2.1,0.9230977892397689,0.65
12197,3.8.1,0.8066985137059239,0.45
12197,3.d.1,0.6335167087040483,0.45
12221,3.3.2,0.9913247793741331,0.4
12222,3.1.2,0.24684439604825345,0.2
12222,3.b.1,0.7223613914001639,0.25
12222,3.c.1,0.9902501692730494,0.6
12239,3.3.1,0.9817259521196706,0.4
12239,3.4.1,0.6836513416864705,0.5
12239,3.b.2,0.9001629061133315,0.35
12253,3.4.1,0.9399579308072695,0.5
12253,3.b.2,0.8218018981646342,0.35
12256,3.b.2,0.9655664522111169,0.35
12257,3.3.1,0.9803879205240765,0.4
12257,3.b.2,0.8737939255852367,0.35
12261,3.a.1,0.9571065678490727,0.35
12261,3.b.2,0.4544409953923062,0.35
12263,3.5.1,0.5280949992206725,0.5
12263,3.8.1,0.48408806291750844,0.45
12263,3.b.2,0.36525701325016646,0.35
12272,3.5.2,0.955363555243935,0.55
12272,3.8.1,0.7355058762627433,0.45
12272,3.b.2,0.9691938919063585,0.35
12276,3.b.2,0.9851155591120191,0.35
12277,3.1.2,0.423689294423775,0.2
12277,3.b.2,0.9719031307555166,0.35
12278,3.b.2,0.9785246449817043,0.35
12280,3.b.2,0.982525768199829,0.35
12291,3.9.2,0.9939341207849244,0.55
12292,3.8.1,0.4535276040884523,0.45
12292,3.b.2,0.9616957397656516,0.35
12293,3.b.2,0.971557304708796,0.35
12297,3.1.1,0.8170573878696095,0.65
12297,3.1.2,0.5562608708683902,0.2
12297,3.2.1,0.7536178438913081,0.65
12297,3.b.2,0.9453691146474567,0.35
12305,3.4.1,0.8587301566384874,0.5
12305,3.b.2,0.9768725296703702,0.35
12348,3.4.1,0.8670785743879355,0.5
12348,3.b.2,0.9298779291715815,0.35
12355,3.b.2,0.6956571805085794,0.35
12358,3.b.2,0.923394647534734,0.35
12358,3.c.1,0.6886844886312078,0.6
12363,3.b.2,0.8186671181334026,0.35
12364,3.3.5,0.3108955982017608,0.3
12364,3.b.1,0.31224173983398196,0.25
12364,3.b.2,0.9863806975099589,0.35
12365,3.3.1,0.9175230480058825,0.4
12365,3.b.2,0.5367079031715313,0.35
12379,3.1.1,0.9973272559576536,0.65
12379,3.1.2,0.7568929003146796,0.2
12379,3.2.1,0.9888842934594734,0.65
12379,3.3.3,0.9754796789336984,0.5
12379,3.7.1,0.8386236235986153,0.45
12379,3.7.2,0.5685227184363941,0.35
12379,3.8.1,0.5168187535424749,0.45
12387,3.b.2,0.37915143357780257,0.35
12400,3.3.1,0.9862833671676567,0.4
12400,3.7.1,0.6566448457477041,0.45
12400,3.7.2,0.6514414678922503,0.35
12403,3.1.2,0.788944021821932,0.2
12403,3.3.1,0.7608322785332935,0.4
12403,3.b.2,0.3758516879654261,0.35
12403,3.c.1,0.9979726950834629,0.6
12406,3.b.2,0.9819775572130895,0.35
12411,3.b.2,0.9683038924836813,0.35
12424,3.3.1,0.986671210546698,0.4
12424,3.5.1,0.9315832694271151,0.5
12424,3.5.2,0.7094217307946872,0.55
12424,3.a.1,0.7897473219122043,0.35
12424,3.b.2,0.4764380805694455,0.35
12427,3.b.2,0.6154906962800479,0.35
12438,3.b.2,0.9708294771286707,0.35
12441,3.2.1,0.8905684051155196,0.65
12441,3.6.1,0.1671935151595518,0.15
12462,3.b.2,0.9907785992106486,0.35
12468,3.3.1,0.9590636803295993,0.4
12468,3.5.1,0.9097922835859533,0.5
12468,3.a.1,0.7689121916849058,0.35
12468,3.b.2,0.9471385555373862,0.35
12469,3.b.2,0.9510532034686636,0.35
12469,3.c.1,0.9780147935766226,0.6
12508,3.b.2,0.9635669271818801,0.35
12512,3.5.1,0.994479191565288,0.5
12512,3.a.1,0.7197496040652518,0.35
12512,3.b.2,0.9014964338674701,0.35
12534,3.b.2,0.9335088675214811,0.35
12537,3.b.2,0.9619904850899164,0.35
12542,3.5.1,0.9874042376742274,0.5
12542,3.5.2,0.592123061355724,0.55
12542,3.a.1,0.4752900140124122,0.35
12542,3.b.2,0.9893709164564309,0.35
12547,3.b.2,0.924814205691499,0.35
12559,3.1.2,0.3451272463869981,0.2
12559,3.b.2,0.8427449437188264,0.35
12559,3.c.1,0.8120937784740311,0.6
12577,3.b.2,0.7758765202239479,0.35
12577,3.c.1,0.9812663317458211,0.6
12583,3.b.2,0.9824817296906705,0.35
12585,3.4.1,0.7511005800592161,0.5
12585,3.8.1,0.8332350509437597,0.45
12585,3.b.2,0.9035097812922412,0.35
12585,3.b.3,0.8012689280945724,0.6
12589,3.b.2,0.965007055113987,0.35
12590,3.3.1,0.7800427996693549,0.4
12590,3.5.1,0.9899280918664728,0.5
12590,3.5.2,0.9913827379733346,0.55
12590,3.a.1,0.9722515768874833,0.35
12590,3.b.2,0.8931786957044789,0.35
12610,3.5.1,0.9110351441746047,0.5
12610,3.5.2,0.8050671565666175,0.55
12610,3.b.2,0.9777683023099281,0.35
12631,3.3.1,0.996789539054524,0.4
12631,3.8.1,0.5505898336171531,0.45
12645,3.b.2,0.4772162638617601,0.35
12648,3.5.1,0.9962621117668073,0.5
12648,3.5.2,0.8713170317137047,0.55
12648,3.a.1,0.9355815260250231,0.35
12648,3.b.2,0.9665710866770595,0.35
12667,3.b.2,0.5306970294100153,0.35
12691,3.b.2,0.9547423395885899,0.35
12712,3.b.2,0.7314955569274035,0.35
12713,3.b.2,0.7028868004037597,0.35
12724,3.b.2,0.9531935989961395,0.35
12728,3.8.1,0.9746524394622416,0.45
12728,3.8.2,0.9518335925592774,0.65
12728,3.b.1,0.7634214766141856,0.25
12728,3.b.2,0.399672692622546,0.35
12728,3.b.3,0.9347541649834077,0.6
12728,3.c.1,0.7508828862712033,0.6
12749,3.b.2,0.9859391551688481,0.35
12765,3.1.1,0.8180005898829373,0.65
12765,3.7.1,0.6350669439564662,0.45
12765,3.7.2,0.5328085562852312,0.35
12765,3.8.1,0.555685347052649,0.45
12765,3.b.2,0.8960067617181615,0.35
12807,3.2.1,0.8421203012165785,0.65
12807,3.3.1,0.9982508259038037,0.4
12807,3.8.1,0.5031537716754104,0.45
12830,3.5.1,0.6721348971948408,0.5
12830,3.b.2,0.8072344602001202,0.35
12830,3.c.1,0.8068667423218661,0.6
12831,3.b.2,0.9509474017100126,0.35
12836,3.8.1,0.5417795505159597,0.45
12848,3.3.1,0.9847944511362589,0.4
12848,3.b.1,0.7466389144312675,0.25
12848,3.b.2,0.9053919204971983,0.35
12898,3.9.1,0.5572674526048049,0.3
12898,3.9.3,0.8587361751314019,0.4
12898,3.b.2,0.9614642019947297,0.35
12898,3.d.1,0.6044042762881954,0.45
12899,3.b.2,0.9143759494733025,0.35
12916,3.4.1,0.8345299047345258,0.5
12916,3.b.2,0.9672022225434038,0.35
12917,3.4.1,0.6938434550958201,0.5
12917,3.b.2,0.8525164500887381,0.35
13004,3.7.1,0.47301645593993286,0.45
13004,3.7.2,0.4851326507792831,0.35
13004,3.b.2,0.9449091738583308,0.35
13018,3.9.2,0.994834189972605,0.55
13030,3.b.2,0.8889016888605306,0.35
13030,3.c.1,0.9751716254985895,0.6
13050,3.b.1,0.3062901088478983,0.25
13050,3.b.2,0.47105412158616,0.35
13050,3.c.1,0.6516079027171646,0.6
13073,3.4.1,0.939325034410549,0.5
13073,3.b.2,0.8292295272017218,0.35
13074,3.b.2,0.8500785946273972,0.35
13075,3.1.2,0.4079547589418423,0.2
13075,3.8.1,0.9803242835324264,0.45
13075,3.8.2,0.9613026768734885,0.65
13075,3.b.1,0.8736122966678018,0.25
13075,3.b.2,0.5784492474490961,0.35
13075,3.b.3,0.9190554095888994,0.6
13088,3.3.2,0.9975102534825746,0.4
13157,3.5.1,0.5836388854923167,0.5
13157,3.5.2,0.7383972962400789,0.55
13157,3.b.2,0.896614854817845,0.35
13158,3.b.2,0.9856983492749637,0.35
13173,3.3.1,0.9952702894649892,0.4
13173,3.8.1,0.6790005075170307,0.45
13182,3.8.1,0.8207678155323979,0.45
13182,3.b.2,0.5153293136633585,0.35
13182,3.c.1,0.7986060428568061,0.6
13248,3.3.1,0.7412471307704573,0.4
13248,3.3.2,0.9904600475613139,0.4
13259,3.3.1,0.9421250034984772,0.4
13259,3.5.1,0.9889001423031752,0.5
13259,3.5.2,0.9422975501770765,0.55
13259,3.a.1,0.9854220579301193,0.35
13259,3.b.2,0.9165535815696892,0.35
13274,3.3.1,0.7870162827661786,0.4
13274,3.d.1,0.45536763007163966,0.45
13275,3.4.2,0.5579873706599288,0.55
13275,3.b.2,0.7285066781528817,0.35
13292,3.3.1,0.9974846300417003,0.4
13294,3.3.1,0.9986240578850789,0.4
13294,3.8.1,0.6344619704752934,0.45
13295,3.3.1,0.993308895004503,0.4
13295,3.3.2,0.9837978599340544,0.4
13296,3.3.1,0.9962709615538131,0.4
13297,3.3.1,0.9989881323561196,0.4
13319,3.3.1,0.9993723121588314,0.4
13319,3.3.2,0.9586785342291688,0.4
13319,3.3.3,0.6145564635793848,0.5
13357,3.2.1,0.8931309642224348,0.65
13357,3.8.1,0.6664553212369756,0.45
13386,3.d.1,0.9779856336001765,0.45
13459,3.3.1,0.770091972064078,0.4
13459,3.8.1,0.6768683778011193,0.45
13460,3.b.2,0.92861084670204,0.35
13464,3.2.1,0.5067479812601843,0.65
13475,3.b.2,0.9817808690493782,0.35
13503,3.3.1,0.8829406917448805,0.4
13503,3.8.1,0.6729750309478426,0.45
13503,3.9.2,0.9646081447466364,0.55
13582,3.3.3,0.98020924344948,0.5
13583,3.b.2,0.8343547905971245,0.35
13590,3.5.1,0.9923727080611446,0.5
13590,3.5.2,0.8432446474231252,0.55
13590,3.a.1,0.7184417147301132,0.35
13590,3.b.2,0.4543930083187513,0.35
13655,3.4.1,0.7438745054622993,0.5
13655,3.a.1,0.9768622318107834,0.35
13682,3.b.2,0.549308662113001,0.35
13682,3.c.1,0.9798325010371067,0.6
13702,3.b.2,0.9253976152523415,0.35
13705,3.2.1,0.8914222528487155,0.65
13705,3.3.3,0.9353823479781995,0.5
13705,3.3.5,0.4391018593995671,0.3
13719,3.b.2,0.9856871016045665,0.35
13745,3.b.2,0.8715408104463527,0.35
13747,3.b.2,0.9739010386664171,0.35
13748,3.3.2,0.903910754138532,0.4
13748,3.b.2,0.8074486077983314,0.35
13763,3.1.2,0.3616279650842984,0.2
13763,3.2.1,0.9057669328173601,0.65
13763,3.2.2,0.7643956854665019,0.65
13764,3.b.2,0.9800238226018287,0.35
13764,3.c.1,0.7914673968795621,0.6
13765,3.4.2,0.8382589808304741,0.55
13765,3.5.1,0.7805889928861058,0.5
13765,3.b.2,0.976049785472237,0.35
13779,3.3.5,0.9205728993838924,0.3
13779,3.b.1,0.9777304166881526,0.25
13779,3.b.2,0.46219025040976247,0.35
13779,3.d.1,0.45093634689609974,0.45
13781,3.b.2,0.8239297129635159,0.35
13798,3.4.1,0.9202924484796182,0.5
13798,3.b.2,0.9178285177239038,0.35
13825,3.2.1,0.6349855538717981,0.65
13837,3.3.1,0.8418672809231875,0.4
13837,3.7.1,0.8809356003311906,0.45
13837,3.7.2,0.8676975441434805,0.35
13881,3.4.1,0.9001656426480957,0.5
13881,3.8.1,0.5459373548800667,0.45
13881,3.b.2,0.5360969963472726,0.35
13932,3.8.1,0.512104060739097,0.45
13932,3.b.2,0.8490383328989584,0.35
13981,3.4.1,0.9472432364976424,0.5
13981,3.a.1,0.9796099888453937,0.35
13982,3.3.1,0.9961028688270623,0.4
13982,3.3.2,0.9012744811085807,0.4
13984,3.3.1,0.7632732177809811,0.4
13984,3.8.1,0.47061250653493675,0.45
14033,3.2.1,0.8809658343535809,0.65
14033,3.3.1,0.9941026746046958,0.4
14033,3.8.1,0.5972987837068078,0.45
14055,3.4.2,0.6557266776005497,0.55
14055,3.5.1,0.6075312819064628,0.5
14055,3.8.1,0.521776506379521,0.45
14055,3.9.1,0.3045761098347567,0.3
14055,3.b.2,0.5665028604293971,0.35
14138,3.3.1,0.9747504517719698,0.4
14138,3.8.1,0.6087424196109805,0.45
14143,3.3.1,0.8382811500293202,0.4
14163,3.2.1,0.7480122849700033,0.65
14163,3.b.1,0.2709263371120751,0.25
14163,3.b.2,0.7224361255940934,0.35
14184,3.4.2,0.8477162742667044,0.55
14184,3.5.1,0.7746357589063632,0.5
14184,3.b.2,0.9502687111490132,0.35
14190,3.b.2,0.9718549072598316,0.35
14221,3.3.1,0.7595018584955313,0.4
14221,3.3.2,0.8360480048197654,0.4
14221,3.3.3,0.8855674017771216,0.5
14221,3.3.5,0.960194143139248,0.3
14221,3.b.2,0.5100256683159954,0.35
14231,3.8.1,0.45135937759648265,0.45
14272,3.3.1,0.4261949004890667,0.4
14272,3.3.5,0.6159141359011595,0.3
14272,3.4.1,0.7021465346364386,0.5
14272,3.b.2,0.5101994011717619,0.35
14306,3.4.1,0.9368260225073552,0.5
14306,3.b.2,0.9684642148219289,0.35
14307,3.b.2,0.9401011296425614,0.35
14339,3.b.2,0.35880425407330013,0.35
14339,3.c.1,0.6001322765853675,0.6
14341,3.3.5,0.9717359649320189,0.3
14341,3.b.1,0.9802296588050602,0.25
14341,3.b.2,0.843788592830065,0.35
14343,3.1.2,0.38621594452650326,0.2
14343,3.8.1,0.6741889980752234,0.45
14343,3.b.2,0.5212833781420754,0.35
14343,3.c.1,0.9485244088529561,0.6
14345,3.b.2,0.9405480130425359,0.35
14369,3.b.2,0.8174945229237427,0.35
14369,3.c.1,0.9739488207273808,0.6
14371,3.b.2,0.8594500057970711,0.35
14395,3.3.1,0.9991494891705403,0.4
14395,3.3.5,0.30160236494090575,0.3
14406,3.1.1,0.8797699137296233,0.65
14406,3.2.1,0.9725154928201258,0.65
14406,3.2.2,0.7957473841426155,0.65
14406,3.3.1,0.6900545483502525,0.4
14406,3.8.1,0.7198063055021214,0.45
14406,3.8.2,0.6565312175351339,0.65
14421,3.b.2,0.9641316515344789,0.35
14426,3.3.1,0.9733433782311398,0.4
14426,3.b.2,0.972685264154566,0.35
14429,3.b.2,0.9452525883568628,0.35
14430,3.5.1,0.9166116879540791,0.5
14430,3.8.1,0.9473475546179485,0.45
14430,3.b.3,0.6777896120307616,0.6
14434,3.9.1,0.6296954905505668,0.3
14434,3.b.2,0.4205341275318475,0.35
14436,3.b.2,0.849732987692889,0.35
14437,3.4.1,0.6727130628377687,0.5
14437,3.b.2,0.5287353635968755,0.35
14438,3.4.1,0.5972031796121267,0.5
14438,3.b.2,0.7626669763050726,0.35
14447,3.b.2,0.912110896253073,0.35
14524,3.3.5,0.7997729379113181,0.3
14524,3.b.2,0.9071407770592619,0.35
14526,3.3.1,0.9356317195362078,0.4
14526,3.b.2,0.5422761391625261,0.35
14547,3.8.1,0.6693331935599227,0.45
14547,3.b.1,0.825418233920914,0.25
14552,3.5.1,0.8673557378795546,0.5
14552,3.5.2,0.8643734558230503,0.55
14552,3.6.1,0.20579532835756362,0.15
14552,3.a.1,0.4451323952068639,0.35
14568,3.b.2,0.9806391175729621,0.35
14569,3.4.1,0.8410680003719992,0.5
14569,3.b.2,0.9287053949949913,0.35
14583,3.2.1,0.7321377093617287,0.65
14583,3.8.1,0.7318729842100815,0.45
14584,3.b.2,0.8652367847180795,0.35
14589,3.b.2,0.9213908692667379,0.35
14601,3.8.1,0.7038921680281125,0.45
14601,3.b.1,0.35820430132392417,0.25
725,3.8.1,0.566377802841074,0.45
725,3.d.1,0.7037423105886026,0.45
738,3.3.5,0.7676002259886332,0.3
738,3.8.1,0.6173765629750636,0.45
738,3.b.1,0.7616986576770678,0.25
738,3.b.2,0.5557392680615618,0.35
744,3.3.5,0.357073362749724,0.3
744,3.b.2,0.5268124876958429,0.35
744,3.c.1,0.9708812487156011,0.6
753,3.c.1,0.9827453530128778,0.6
754,3.4.1,0.8803346276962611,0.5
754,3.b.2,0.8731799443185878,0.35
758,3.4.1,0.7051589221074896,0.5
758,3.b.2,0.9722557917577557,0.35
767,3.b.2,0.9827130718698399,0.35
769,3.b.2,0.9002764399760473,0.35
777,3.4.1,0.9657335996715326,0.5
777,3.b.2,0.8901471496676876,0.35
785,3.b.2,0.91156032864698,0.35
787,3.b.2,0.9834137109616392,0.35
797,3.4.1,0.9391326675353198,0.5
797,3.a.1,0.40488460583924035,0.35
797,3.b.2,0.8448006553404035,0.35
805,3.b.2,0.9369857234683944,0.35
813,3.8.1,0.5419253130626465,0.45
813,3.b.1,0.4512565237769537,0.25
813,3.b.2,0.8174553898689116,0.35
832,3.b.2,0.9460776939559906,0.35
838,3.4.1,0.8433701298047653,0.5
838,3.b.2,0.9668458496925723,0.35
856,3.4.1,0.9438756185879804,0.5
856,3.b.2,0.9550939258359318,0.35
860,3.5.1,0.5956074513162881,0.5
860,3.b.2,0.9562562771894467,0.35
870,3.b.2,0.9426471174717994,0.35
873,3.1.1,0.9318953333173797,0.65
873,3.2.2,0.9179798155261403,0.65
873,3.b.2,0.6549210780107005,0.35
891,3.4.1,0.9656814300891359,0.5
891,3.b.2,0.8011651925628369,0.35
898,3.4.1,0.6125389480323102,0.5
898,3.b.2,0.9599298185072896,0.35
902,3.b.2,0.9391346008288857,0.35
906,3.b.2,0.9287569161055214,0.35
906,3.c.1,0.7936436530372948,0.6
908,3.4.1,0.9298474366594278,0.5
908,3.b.2,0.9282168133043758,0.35
914,3.a.1,0.5492425241844385,0.35
914,3.b.2,0.979297214305993,0.35
916,3.b.2,0.9461112086987893,0.35
921,3.b.2,0.8902413411894807,0.35
921,3.c.1,0.9340306294689246,0.6
922,3.b.2,0.8692214146335144,0.35
924,3.4.1,0.6330126067495745,0.5
924,3.b.2,0.9357654481103743,0.35
933,3.b.2,0.8177250971078356,0.35
933,3.c.1,0.9950544359898774,0.6
936,3.b.2,0.8434571177766875,0.35
937,3.4.2,0.9242320865499377,0.55
937,3.5.1,0.7063872222946355,0.5
937,3.b.2,0.715016005740498,0.35
940,3.4.1,0.956654617065406,0.5
940,3.a.1,0.3522144991276127,0.35
940,3.b.2,0.9293654140700112,0.35
941,3.4.1,0.7391044125455388,0.5
941,3.b.2,0.9819476117578199,0.35
942,3.4.1,0.969120557813518,0.5
942,3.b.2,0.9424753465129365,0.35
948,3.1.1,0.661210270905086,0.65
948,3.4.1,0.5156179933023924,0.5
948,3.b.2,0.9020805857100291,0.35
953,3.4.1,0.9594518606899182,0.5
953,3.b.2,0.9664699134889119,0.35
955,3.4.1,0.695873005555824,0.5
955,3.b.2,0.7735014338455476,0.35
961,3.4.1,0.5641604638130197,0.5
961,3.b.2,0.7813592530646835,0.35
961,3.c.1,0.6817669085028398,0.6
965,3.4.1,0.7184725027755955,0.5
965,3.5.1,0.6113831151435485,0.5
965,3.5.2,0.57808768242459,0.55
965,3.a.1,0.6686588517756619,0.35
965,3.b.2,0.8604732405338599,0.35
972,3.b.2,0.9804186282781195,0.35
979,3.4.2,0.9257940500550061,0.55
979,3.5.1,0.8906444807092563,0.5
979,3.b.2,0.7405860971674814,0.35
982,3.b.2,0.9493904524569206,0.35
983,3.3.1,0.9155240940383857,0.4
983,3.b.2,0.7253193598702592,0.35
988,3.3.1,0.9389546107726232,0.4
988,3.4.2,0.9263627623984769,0.55
988,3.5.1,0.9409123668396517,0.5
988,3.b.2,0.6845264149617452,0.35
992,3.4.1,0.9112827897146276,0.5
992,3.a.1,0.8073427493183478,0.35
992,3.b.2,0.8206939114780881,0.35
993,3.b.2,0.9246269292668184,0.35
994,3.1.1,0.914445651228812,0.65
994,3.2.1,0.7889686269335792,0.65
994,3.2.2,0.9951539139753104,0.65
994,3.4.1,0.5336530361750094,0.5
994,3.b.2,0.6965332172131324,0.35
995,3.b.2,0.8258558335779473,0.35
1000,3.9.3,0.7578210459455503,0.4
1000,3.b.2,0.9318014380943389,0.35
1001,3.1.1,0.9495477812498541,0.65
1001,3.2.2,0.8679743768485947,0.65
1001,3.4.1,0.7073653069604671,0.5
1001,3.7.1,0.4602852821695055,0.45
1001,3.b.2,0.7725905555321644,0.35
1004,3.b.2,0.9466729679614418,0.35
1005,3.b.2,0.980593627732699,0.35
1024,3.4.1,0.5783823953036757,0.5
1024,3.b.2,0.7584110981144676,0.35
1024,3.c.1,0.9209881198315211,0.6
1026,3.5.1,0.8616906370276463,0.5
1026,3.a.1,0.4694076701170352,0.35
1026,3.b.2,0.8892478968304158,0.35
1043,3.3.1,0.9561027348549536,0.4
1043,3.5.1,0.549642207509862,0.5
1043,3.b.2,0.798913779791558,0.35
1045,3.a.1,0.5105788139807188,0.35
1045,3.b.2,0.958768421560896,0.35
1048,3.4.1,0.9704878579878096,0.5
1048,3.b.2,0.9558578281409316,0.35
1051,3.8.1,0.46460946647824763,0.45
1051,3.b.2,0.9170547107178849,0.35
1053,3.b.2,0.9196972090704945,0.35
1056,3.4.2,0.7208429051657835,0.55
1056,3.5.1,0.730341693541398,0.5
1056,3.b.2,0.6521409301386625,0.35
1060,3.4.2,0.9852670074431487,0.55
1060,3.5.1,0.9441941889868226,0.5
1060,3.a.1,0.36489684396666067,0.35
1067,3.3.1,0.8914329573608466,0.4
1067,3.4.1,0.5306477173883953,0.5
1067,3.b.2,0.5653944804413318,0.35
1068,3.5.1,0.9800302475139717,0.5
1068,3.a.1,0.8415937230897953,0.35
1068,3.b.2,0.8888560005568136,0.35
1072,3.2.2,0.6627547321105441,0.65
1072,3.3.5,0.4806886610739398,0.3
1072,3.b.2,0.8269397301281938,0.35
1081,3.b.2,0.9442678663710158,0.35
1083,3.4.1,0.9324802520677993,0.5
1083,3.b.2,0.48841265276092516,0.35
1087,3.4.1,0.9422365963251367,0.5
1087,3.b.2,0.725327986366096,0.35
1098,3.5.2,0.8792874253577242,0.55
1098,3.a.1,0.4363238490922594,0.35
1098,3.b.2,0.8686904540239134,0.35
1106,3.3.1,0.9755185511749582,0.4
1106,3.b.2,0.7886317098166211,0.35
1107,3.3.1,0.9695396265721156,0.4
1107,3.3.4,0.5089888198705335,0.25
1107,3.4.1,0.624307500449635,0.5
1107,3.b.2,0.8068374580375041,0.35
1136,3.2.2,0.7696771685025996,0.65
1136,3.4.1,0.9235920556471009,0.5
1136,3.b.2,0.5924767912877431,0.35
1144,3.4.1,0.8186977669949669,0.5
1144,3.b.2,0.9045821421120849,0.35
1155,3.8.1,0.7061397068425379,0.45
1155,3.b.2,0.5126801768346356,0.35
1172,3.3.1,0.7477300615220425,0.4
1172,3.b.2,0.9105827069142697,0.35
1185,3.8.1,0.6932944615087031,0.45
1188,3.3.1,0.9045544004455197,0.4
1188,3.3.2,0.806769438194902,0.4
1188,3.3.3,0.7647557668758617,0.5
1188,3.3.4,0.35581923346555544,0.25
1188,3.3.5,0.5800838135095234,0.3
1190,3.4.2,0.7524840219744333,0.55
1190,3.5.1,0.9567005865023047,0.5
1190,3.5.2,0.9881146777797669,0.55
1190,3.a.1,0.7643305483899702,0.35
1190,3.b.2,0.5805584684610674,0.35
1195,3.4.1,0.7737553006127091,0.5
1195,3.b.2,0.9591515616161623,0.35
252772,3.b.2,0.3918792824043559,0.35
255112,3.b.2,0.8303441883363687,0.35
255112,3.b.3,0.6116307316681296,0.6
255449,3.b.2,0.5542625100455858,0.35
255449,3.b.3,0.756259711049573,0.6
255866,3.d.1,0.40866049128738546,0.45
256074,3.b.2,0.7244410066803355,0.35
256074,3.b.3,0.7774039747034699,0.6
256252,3.9.1,0.6704263862481563,0.3
256252,3.9.2,0.8552873576597555,0.55
256252,3.9.3,0.5249164465266793,0.4
256262,3.4.1,0.8717114793171891,0.5
256262,3.b.2,0.42800181615773664,0.35
256264,3.4.1,0.873544571129864,0.5
256264,3.b.2,0.4542632913076529,0.35
256265,3.4.1,0.910261454663855,0.5
256265,3.b.2,0.40908050924252104,0.35
256348,3.b.2,0.4627723230995722,0.35
256348,3.b.3,0.6318388251378729,0.6
256692,3.b.2,0.8474753919623149,0.35
256692,3.b.3,0.6885697591897626,0.6
256932,3.3.1,0.7749940383996159,0.4
256932,3.3.3,0.8580441468321125,0.5
256932,3.7.1,0.7738472115385842,0.45
256932,3.7.2,0.7346224739841656,0.35
256932,3.8.1,0.7990865489598851,0.45
256932,3.b.2,0.5054711053697329,0.35
256932,3.b.3,0.8488276451834353,0.6
257032,3.3.3,0.8997704126415789,0.5
257032,3.b.3,0.6239859189120086,0.6
257326,3.b.2,0.7140014193460582,0.35
257326,3.b.3,0.8861020524173184,0.6
257331,3.9.2,0.9789643990879422,0.55
257331,3.b.2,0.42509129631975395,0.35
257416,3.b.3,0.42264218036755874,0.6
257430,3.9.3,0.5035868949032978,0.4
257541,3.6.1,0.19540168556117954,0.15
257541,3.d.1,0.8254494052927337,0.45
257559,3.c.1,0.6025312747967999,0.6
257563,3.9.3,0.46715870236807255,0.4
257602,3.6.1,0.3718978893199877,0.15
257602,3.b.2,0.7946171175562127,0.35
257602,3.b.3,0.9347229813141911,0.6
257812,3.c.1,0.5367848320715555,0.6
257879,3.6.1,0.16568044681838223,0.15
257879,3.7.1,0.7685150375728982,0.45
257879,3.7.2,0.7743129414245825,0.35
257907,3.8.1,0.3127648234282905,0.45
258071,3.b.2,0.832668652151456,0.35
258071,3.b.3,0.7841362169903969,0.6
258273,3.9.1,0.4901467887275528,0.3
258273,3.9.2,0.9543147946980832,0.55
258273,3.9.3,0.7078461026365002,0.4
258273,3.c.1,0.982331171911565,0.6
258275,3.9.1,0.46386996279241755,0.3
258275,3.9.2,0.8876296525787155,0.55
258275,3.9.3,0.6950225673190165,0.4
258275,3.c.1,0.9785969732348709,0.6
258284,3.9.1,0.45263180771227485,0.3
258284,3.9.2,0.8370093267544395,0.55
258284,3.9.3,0.7819896970315818,0.4
258284,3.c.1,0.9832842805805598,0.6
258294,3.b.2,0.4418261188256057,0.35
258294,3.b.3,0.886569292540371,0.6
258773,3.2.1,0.8728189335637704,0.65
258773,3.8.1,0.510249024357875,0.45
258971,3.6.1,0.2726962673868775,0.15
258971,3.b.2,0.8937415569033325,0.35
258971,3.b.3,0.8237786425230902,0.6
259026,3.8.1,0.5919166126250872,0.45
259102,3.b.1,0.976741427880564,0.25
259114,3.b.2,0.6146333934804629,0.35
259114,3.b.3,0.6688233281542957,0.6
259132,3.b.2,0.7915932123860139,0.35
259199,3.b.2,0.767251897168574,0.35
259199,3.b.3,0.8842121087236436,0.6
259375,3.4.1,0.8931793392813072,0.5
259375,3.b.2,0.8946991688170114,0.35
259445,3.6.1,0.247898086650213,0.15
259445,3.b.2,0.9256820820815848,0.35
259445,3.b.3,0.9078018062345489,0.6
259473,3.3.1,0.6984165880299352,0.4
259604,3.3.1,0.8458577081784492,0.4
259604,3.3.3,0.9142930459432604,0.5
259604,3.7.1,0.6992678761973184,0.45
259604,3.8.1,0.9089981972595008,0.45
259604,3.b.3,0.8461996114462571,0.6
259628,3.b.2,0.6896566372153274,0.35
259628,3.b.3,0.9046845811785093,0.6
259631,3.3.1,0.7308945585021434,0.4
259631,3.8.1,0.524535037918217,0.45
259631,3.b.3,0.7692944043679784,0.6
259863,3.b.2,0.6496844422417758,0.35
259863,3.b.3,0.8103794295000561,0.6
260282,3.8.1,0.6506574142751914,0.45
260282,3.b.1,0.264205891547722,0.25
260282,3.b.3,0.94851837061881,0.6
260300,3.b.2,0.3882046732218811,0.35
260352,3.3.1,0.4334679972644787,0.4
260352,3.4.1,0.5878486909427297,0.5
260352,3.8.1,0.8356734300611659,0.45
260352,3.b.3,0.9929149153566814,0.6
260412,3.1.1,0.823650461686053,0.65
260412,3.1.2,0.24151463452616426,0.2
260484,3.8.1,0.5208207390300703,0.45
260484,3.b.2,0.3804762270485318,0.35
260484,3.b.3,0.8760777544982956,0.6
260643,3.b.2,0.4246481598165515,0.35
260643,3.b.3,0.9656368462639853,0.6
260670,3.1.2,0.9735396794028407,0.2
260670,3.c.1,0.9838177107928774,0.6
260787,3.2.2,0.8170831511744199,0.65
260787,3.b.2,0.5424027912211624,0.35
261196,3.b.2,0.7555456601015109,0.35
261196,3.b.3,0.8343998555422618,0.6
261335,3.8.1,0.5522411944128058,0.45
261354,3.b.3,0.9917980189957356,0.6
261587,3.9.2,0.9309816440684657,0.55
261587,3.b.2,0.5719221917704274,0.35
261594,3.9.2,0.7084264901321186,0.55
262105,3.7.2,0.4483956946056279,0.35
262105,3.8.1,0.6324241693003292,0.45
262287,3.3.1,0.9902107235627076,0.4
262600,3.4.1,0.6110957497513342,0.5
262600,3.6.1,0.3032577251092314,0.15
262600,3.8.1,0.49438408130824973,0.45
262790,3.c.1,0.7140558869273748,0.6
262887,3.b.2,0.8686549639417354,0.35
262887,3.b.3,0.6379303704191998,0.6
263258,3.4.1,0.8930478975671032,0.5
263258,3.b.2,0.5775781278562684,0.35
263313,3.8.1,0.5262136679287885,0.45
263527,3.3.1,0.4167570783852763,0.4
263527,3.b.2,0.6792231032407731,0.35
263623,3.6.1,0.24024523645017998,0.15
263623,3.b.2,0.650198938094392,0.35
263623,3.b.3,0.8179149136220706,0.6
263642,3.8.1,0.4606568139645125,0.45
263642,3.b.2,0.6961484494266248,0.35
263642,3.d.1,0.5231176030507163,0.45
263771,3.3.3,0.9838240427260028,0.5
263779,3.4.1,0.5646070882537919,0.5
264035,3.b.2,0.4458262301170102,0.35
264041,3.9.1,0.5006095021717853,0.3
264041,3.9.2,0.7783346752872045,0.55
264052,3.3.2,0.5148346837056628,0.4
264052,3.b.2,0.39121903598857566,0.35
264139,3.8.1,0.475772930135715,0.45
264139,3.b.2,0.7572427348620521,0.35
264139,3.b.3,0.9470834476001484,0.6
264275,3.1.1,0.8718584732041655,0.65
264275,3.b.2,0.7780930961870758,0.35
264275,3.b.3,0.8232148735011561,0.6
264309,3.1.1,0.8874363084366692,0.65
264309,3.b.2,0.7439085172903401,0.35
264309,3.b.3,0.7935719422449152,0.6
264310,3.1.1,0.817853602660338,0.65
264310,3.b.2,0.7483325677492219,0.35
264310,3.b.3,0.740505528585535,0.6
264812,3.b.2,0.5092697136718495,0.35
264812,3.b.3,0.8359626732234402,0.6
265103,3.8.1,0.9736671567894424,0.45
265103,3.8.2,0.9228782620293032,0.65
265103,3.b.1,0.4585806718025688,0.25
265103,3.b.2,0.5352447464176644,0.35
265103,3.b.3,0.8738796841757153,0.6
265396,3.7.1,0.875478048676431,0.45
265396,3.7.2,0.9013532309646294,0.35
265396,3.b.3,0.6809746138349442,0.6
265457,3.b.2,0.6438078829642928,0.35
265895,3.6.1,0.43515908529993924,0.15
265895,3.b.3,0.6942411261543647,0.6
265895,3.c.1,0.8487214415218003,0.6
266018,3.8.1,0.5322836871018537,0.45
266018,3.9.3,0.6004260023143564,0.4
266018,3.b.1,0.5039141373341954,0.25
266307,3.9.1,0.3391358117262704,0.3
266307,3.9.3,0.41047302684258846,0.4
266360,3.4.1,0.647082565591174,0.5
266360,3.8.1,0.6176622188302006,0.45
266360,3.b.1,0.27615455252174625,0.25
266360,3.b.3,0.9639724735660912,0.6
266632,3.b.2,0.9377271467116068,0.35
266632,3.b.3,0.6912600730213694,0.6
266634,3.9.1,0.8511909289180579,0.3
266634,3.9.3,0.9720565808840163,0.4
266752,3.d.1,0.453449707587088,0.45
266780,3.b.1,0.9463339951860916,0.25
266780,3.b.3,0.9559689863961114,0.6
266935,3.9.2,0.651854148832701,0.55
266935,3.b.2,0.7389178021595288,0.35
267052,3.8.1,0.822154107370554,0.45
267846,3.b.2,0.6457050292165566,0.35
267846,3.b.3,0.792506812428393,0.6
267846,3.d.1,0.5763392437684243,0.45
268633,3.4.1,0.7420622619690667,0.5
268633,3.8.1,0.6539008945882345,0.45
268633,3.b.1,0.2994984675765132,0.25
268633,3.d.1,0.6173586643191628,0.45
269015,3.8.1,0.7510883259155972,0.45
269015,3.9.2,0.9306951709966962,0.55
269015,3.b.3,0.7710897173353141,0.6
269404,3.8.1,0.47434035740670866,0.45
269404,3.b.2,0.3500736935960719,0.35
269592,3.8.1,0.6524372787197666,0.45
269592,3.b.2,0.5711986618693825,0.35
269592,3.b.3,0.9490936090943254,0.6
270457,3.b.3,0.9673094598992007,0.6
270668,3.4.1,0.8081962850908112,0.5
270959,3.3.1,0.9901370469919885,0.4
271171,3.b.2,0.9153018572331475,0.35
271312,3.c.1,0.6886486582324232,0.6
271558,3.8.1,0.500977087641604,0.45
271558,3.b.2,0.4686592521194457,0.35
271772,3.b.2,0.8176748107221666,0.35
271772,3.b.3,0.6609594122373863,0.6
271795,3.c.1,0.9011244842430967,0.6
272286,3.b.2,0.6950194602761989,0.35
272286,3.b.3,0.8933837709887777,0.6
272457,3.3.2,0.9229739776897746,0.4
272559,3.b.2,0.5752396511899703,0.35
272559,3.b.3,0.611784391355622,0.6
272706,3.8.1,0.4876030054445373,0.45
272706,3.b.2,0.5215183764924679,0.35
272713,3.9.2,0.8801250201059657,0.55
272743,3.3.1,0.9595162377721072,0.4
272821,3.3.3,0.917460879377552,0.5
273326,3.9.1,0.3454050380525778,0.3
273326,3.9.2,0.6534632172581302,0.55
273439,3.b.2,0.7919459394970272,0.35
273473,3.b.2,0.8273800013454153,0.35
273473,3.b.3,0.6672475322418907,0.6
273623,3.b.1,0.9514297743483398,0.25
273623,3.b.2,0.5281407083746013,0.35
273623,3.b.3,0.6173211562779422,0.6
274092,3.3.5,0.8550076928509378,0.3
274176,3.b.2,0.7588369880633443,0.35
274424,3.b.1,0.3888700677380344,0.25
274435,3.1.1,0.9709209979266376,0.65
274435,3.2.1,0.9959397075370251,0.65
274435,3.2.2,0.9897967920927448,0.65
274526,3.3.2,0.4830915745722957,0.4
274526,3.b.2,0.9552362966202972,0.35
274773,3.8.1,0.6799363966561484,0.45
274773,3.d.1,0.45756788195267395,0.45
274780,3.9.2,0.6029488900760351,0.55
274780,3.b.3,0.8040886606182125,0.6
275090,3.b.1,0.832472042621409,0.25
275090,3.b.2,0.5422290001559473,0.35
275217,3.9.2,0.9576997296320111,0.55
275346,3.1.1,0.9179680082583839,0.65
275346,3.1.2,0.46964706549157453,0.2
275346,3.2.1,0.9693586224171745,0.65
275346,3.2.2,0.9560046300429477,0.65
275346,3.7.1,0.528341915397471,0.45
275346,3.7.2,0.41089276332641245,0.35
275346,3.8.1,0.4925797542271366,0.45
275685,3.3.5,0.5722280485527731,0.3
275685,3.b.1,0.9537611935031479,0.25
275893,3.3.5,0.5447243030379849,0.3
275893,3.b.1,0.8314048425049404,0.25
276007,3.b.2,0.3950643226832618,0.35
276007,3.b.3,0.6037416222698975,0.6
276040,3.b.2,0.6802048694900562,0.35
276054,3.3.1,0.8619679126595216,0.4
276054,3.3.3,0.7551504454958247,0.5
276054,3.b.2,0.6268721197240512,0.35
276154,3.2.1,0.8136002567596756,0.65
276154,3.2.2,0.6764197480325329,0.65
276163,3.5.1,0.9369707851464156,0.5
276163,3.9.3,0.967794125091928,0.4
276284,3.3.3,0.9995972111368406,0.5
276468,3.b.1,0.4181060653170029,0.25
276468,3.b.2,0.48491755767412037,0.35
276468,3.b.3,0.7314116080970177,0.6
276495,3.9.2,0.9233917636705552,0.55
276495,3.b.2,0.6614991266362347,0.35
276510,3.b.2,0.6401772913554666,0.35
276511,3.b.2,0.832467597563769,0.35
276557,3.3.5,0.6251454089309886,0.3
276557,3.b.1,0.8415054820267553,0.25
276557,3.b.3,0.6967184552317829,0.6
276591,3.8.1,0.9834226355085014,0.45
276591,3.8.2,0.9760467923512757,0.65
276591,3.9.2,0.6558105620802033,0.55
276593,3.8.1,0.9879621589172254,0.45
276593,3.8.2,0.993139399146886,0.65
276604,3.8.1,0.9876825829092879,0.45
276604,3.8.2,0.9930879874483219,0.65
276747,3.b.3,0.5128806307530256,0.6
276766,3.b.1,0.75919203918773,0.25
276766,3.b.2,0.5689957994296426,0.35
276999,3.3.5,0.28780144712493777,0.3
277030,3.8.1,0.7774898380667705,0.45
277030,3.c.1,0.8578990853845454,0.6
277030,3.d.1,0.9547729086768577,0.45
277424,3.1.1,0.6638837007911504,0.65
277424,3.b.2,0.38945350543626656,0.35
277424,3.b.3,0.740037558826642,0.6
277759,3.b.3,0.6934643741377835,0.6
278023,3.b.2,0.7847540969144062,0.35
278055,3.1.2,0.8205975800222214,0.2
278055,3.2.2,0.7061063563209908,0.65
278055,3.b.2,0.48932064323434055,0.35
278148,3.b.2,0.6980825296068732,0.35
278281,3.b.2,0.8882812266894509,0.35
278281,3.b.3,0.7602099663502802,0.6
278825,3.9.2,0.9114475719909072,0.55
278825,3.b.3,0.7664309313166696,0.6
278863,3.b.2,0.8624772385159964,0.35
278863,3.b.3,0.7507755267719431,0.6
279181,3.b.2,0.47323832865575266,0.35
279189,3.6.1,0.7493492086804543,0.15
279189,3.8.1,0.4801265242811126,0.45
279350,3.3.1,0.9954776057489647,0.4
279361,3.6.1,0.15930732321689015,0.15
279363,3.8.1,0.3429534988050186,0.45
279383,3.6.1,0.164838320085324,0.15
279383,3.b.2,0.7661488162042728,0.35
279420,3.3.1,0.9597934535908997,0.4
279448,3.8.1,0.6332865133674856,0.45
279448,3.b.2,0.5741535173180734,0.35
279448,3.b.3,0.6993301255368369,0.6
279597,3.b.2,0.9229281157678002,0.35
279597,3.b.3,0.8872757862364734,0.6
279697,3.8.1,0.6893045920079964,0.45
279697,3.c.1,0.6039228549423248,0.6
279961,3.3.5,0.3890641374222896,0.3
279961,3.b.1,0.5907078379338192,0.25
279961,3.d.1,0.5370736413491444,0.45
280080,3.8.1,0.5913353811425885,0.45
280080,3.b.2,0.7449979607297181,0.35
280165,3.1.2,0.28295488996696394,0.2
280258,3.b.2,0.5804785955314348,0.35
280274,3.a.1,0.9632800722066253,0.35
280398,3.8.1,0.5315979130299089,0.45
280398,3.b.2,0.39638822492929876,0.35
280398,3.b.3,0.7244814160573173,0.6
280712,3.8.1,0.4523884738018171,0.45
280712,3.b.2,0.8651781465579188,0.35
280916,3.b.2,0.9023321441022008,0.35
280916,3.b.3,0.9237379888091136,0.6
280917,3.b.2,0.9204260409682514,0.35
280917,3.b.3,0.9500263192788505,0.6
280918,3.b.2,0.9108770813776561,0.35
280918,3.b.3,0.9457791496911492,0.6
280919,3.b.2,0.9265173950107424,0.35
280919,3.b.3,0.9457291870991804,0.6
281233,3.c.1,0.9380714000401855,0.6
281330,3.8.1,0.5651152497160888,0.45
281330,3.b.2,0.7168695011716382,0.35
281597,3.3.1,0.8606695417257277,0.4
281597,3.7.2,0.4837208687453868,0.35
281597,3.b.3,0.8744459124728376,0.6
281605,3.8.1,0.8565442340464479,0.45
281605,3.8.2,0.9652695260576958,0.65
281605,3.b.3,0.9149716901235347,0.6
282005,3.b.3,0.8470264477806582,0.6
282051,3.3.1,0.9910816355236556,0.4
282176,3.b.2,0.9129565673681124,0.35
282203,3.b.1,0.3007204039624186,0.25
282203,3.b.2,0.46697436891708516,0.35
282296,3.3.5,0.6571280960930953,0.3
282296,3.d.1,0.9943441937762054,0.45
282447,3.6.1,0.15736336762293726,0.15
282447,3.d.1,0.7173619814320382,0.45
282449,3.6.1,0.1768332924322899,0.15
282449,3.d.1,0.6117515237491102,0.45
282496,3.9.2,0.9350090654078254,0.55
282551,3.b.2,0.37019206548891986,0.35
282551,3.d.1,0.5601919483384552,0.45
282890,3.4.1,0.9240914846392404,0.5
282919,3.9.2,0.9049254736944172,0.55
282919,3.b.2,0.7139466470784892,0.35
282959,3.3.1,0.8816424087489891,0.4
282959,3.8.1,0.7130145281687235,0.45
282959,3.b.3,0.8404555256160497,0.6
283083,3.4.1,0.6674942998071782,0.5
283083,3.b.2,0.768628990811417,0.35
283083,3.b.3,0.7447498498533394,0.6
283406,3.6.1,0.3665201169397386,0.15
283406,3.8.1,0.8092682867573993,0.45
283544,3.8.1,0.9415052150427763,0.45
283544,3.b.1,0.5003475013709655,0.25
283567,3.b.2,0.427040861316177,0.35
283576,3.3.1,0.9462043907741703,0.4
283777,3.8.1,0.45259636664463754,0.45
283785,3.3.1,0.7595870054489872,0.4
283785,3.3.3,0.847800342760211,0.5
283785,3.7.1,0.7847069276480445,0.45
283785,3.7.2,0.7597860202957261,0.35
283785,3.8.1,0.6967490104782448,0.45
283785,3.b.2,0.5569285479681712,0.35
283785,3.b.3,0.8554730711518419,0.6
20886,3.1.2,0.23640306405265393,0.2
20886,3.2.1,0.961067489055668,0.65
20886,3.3.1,0.7194601536566398,0.4
20897,3.9.2,0.5021533725364342,0.55
20938,3.3.3,0.6513756313484189,0.5
20938,3.b.3,0.8460552873227919,0.6
20943,3.1.2,0.22663512330089414,0.2
20943,3.7.1,0.9118740770685531,0.45
20943,3.7.2,0.8784969952804444,0.35
20943,3.8.1,0.712234764545179,0.45
20967,3.1.2,0.4641846979765603,0.2
20967,3.7.1,0.9863100234441338,0.45
20967,3.7.2,0.9713853505151753,0.35
20967,3.8.1,0.821581399413631,0.45
21058,3.5.1,0.6272631020360588,0.5
21070,3.2.1,0.9239918452210366,0.65
21110,3.1.1,0.824153675282169,0.65
21110,3.1.2,0.3875178692915524,0.2
21110,3.3.1,0.9511683686853685,0.4
21110,3.7.1,0.9983765845446034,0.45
21110,3.7.2,0.9952414635727109,0.35
21110,3.8.1,0.9276390426662727,0.45
21143,3.4.1,0.9294654279588557,0.5
21143,3.b.1,0.7384716005119782,0.25
21143,3.b.2,0.4176217784517775,0.35
21143,3.b.3,0.8610572106773035,0.6
21183,3.9.1,0.4642180539265581,0.3
21183,3.b.2,0.7124444683742872,0.35
21244,3.9.1,0.9251066953451279,0.3
21244,3.9.2,0.786762991774072,0.55
21244,3.9.3,0.6332772583200011,0.4
21256,3.3.1,0.9744237274589598,0.4
21256,3.3.2,0.7610218763360868,0.4
21256,3.3.3,0.9450455448283445,0.5
21256,3.7.1,0.5818304710160602,0.45
21270,3.9.2,0.900099598813876,0.55
21274,3.6.1,0.6758615095761766,0.15
21274,3.d.1,0.6423604507931703,0.45
21310,3.9.2,0.9261072838658287,0.55
21333,3.1.2,0.34258755387551476,0.2
21333,3.8.1,0.6540226981781352,0.45
21396,3.b.2,0.6938889314990626,0.35
21396,3.b.3,0.6202309733672703,0.6
21449,3.3.1,0.5311444184627039,0.4
21449,3.8.1,0.9414473431299668,0.45
21449,3.8.2,0.7878430477678429,0.65
21449,3.c.1,0.6784857493449185,0.6
21496,3.9.1,0.7075736428306769,0.3
21496,3.9.2,0.8172304833647576,0.55
21496,3.9.3,0.500169012575578,0.4
21863,3.5.1,0.8229853865228982,0.5
21863,3.5.2,0.8572225088646828,0.55
21863,3.b.2,0.6603311657862201,0.35
21924,3.3.1,0.6895817881333721,0.4
21924,3.8.1,0.7992804861421496,0.45
21924,3.c.1,0.8511762165501626,0.6
22037,3.3.5,0.524465909061019,0.3
22054,3.9.1,0.30100174103140226,0.3
22054,3.b.2,0.4954501698269873,0.35
22096,3.8.1,0.7946789705512652,0.45
22096,3.8.2,0.8844656369893764,0.65
22096,3.9.2,0.5926580898801299,0.55
22096,3.b.3,0.6247266029887535,0.6
22208,3.b.2,0.6954034573420405,0.35
22415,3.8.1,0.24996047171180125,0.45
22442,3.b.2,0.5514413046107431,0.35
22530,3.1.1,0.9020333415876336,0.65
22530,3.1.2,0.823686079675791,0.2
22530,3.2.2,0.6745039374958788,0.65
22530,3.3.1,0.5485639569464518,0.4
22530,3.7.1,0.9920819391884923,0.45
22530,3.7.2,0.9890559990220833,0.35
22530,3.8.1,0.9143609839488939,0.45
22550,3.3.5,0.456510402030893,0.3
22550,3.8.1,0.6018013367723878,0.45
22550,3.9.2,0.9305236637974938,0.55
22566,3.8.1,0.49692318791751827,0.45
22683,3.1.2,0.34415897345782204,0.2
22683,3.2.1,0.9810699242041937,0.65
22683,3.2.2,0.6794173115697708,0.65
22686,3.1.2,0.8349828537737747,0.2
22686,3.c.1,0.6452796681452817,0.6
22838,3.8.1,0.4756868668040194,0.45
22838,3.b.2,0.7296989618928303,0.35
22838,3.c.1,0.8953888935954095,0.6
22906,3.b.2,0.8932825142746492,0.35
23012,3.b.2,0.5226645358569988,0.35
23056,3.b.1,0.34137585253529745,0.25
23056,3.b.2,0.4058950238196217,0.35
23056,3.b.3,0.8100241886804302,0.6
23087,3.3.5,0.5600022269221774,0.3
23087,3.9.1,0.47004336300337174,0.3
23087,3.9.2,0.6380420588361095,0.55
23098,3.9.2,0.3624316573769816,0.55
23156,3.b.2,0.44991294590488484,0.35
23156,3.b.3,0.7499250028834081,0.6
23265,3.9.1,0.34193114255324175,0.3
23265,3.9.2,0.925325840138118,0.55
23265,3.d.1,0.5043534781069621,0.45
23326,3.3.1,0.49707895218550774,0.4
23326,3.7.1,0.5174974955913616,0.45
23326,3.7.2,0.430908714849906,0.35
23326,3.8.1,0.6702017403918855,0.45
23369,3.8.1,0.7994873342117692,0.45
23369,3.b.2,0.701280865267444,0.35
23445,3.b.2,0.7036980335323662,0.35
23597,3.8.1,0.5732599857370189,0.45
23616,3.9.2,0.994482703398011,0.55
23616,3.d.1,0.5370164451130305,0.45
23633,3.b.3,0.7947717849059637,0.6
23669,3.3.1,0.4290793113410207,0.4
23669,3.b.2,0.6780453666142382,0.35
23673,3.8.2,0.4286304930426069,0.65
45459,3.1.2,0.487201395734209,0.2
45459,3.7.1,0.508981403133274,0.45
45459,3.7.2,0.46337043211672585,0.35
45459,3.8.1,0.9535398799640465,0.45
45459,3.8.2,0.7649564243628504,0.65
45459,3.b.1,0.3047633910967439,0.25
45482,3.3.5,0.851233712232218,0.3
45482,3.b.2,0.3705310749567201,0.35
45482,3.d.1,0.6003436367706896,0.45
45505,3.3.5,0.47308994685648886,0.3
45505,3.d.1,0.7822189760829291,0.45
45583,3.2.1,0.9782823341692375,0.65
45674,3.8.1,0.9011624682401501,0.45
45674,3.8.2,0.7210209667698322,0.65
45674,3.b.1,0.4580607709557943,0.25
45674,3.b.2,0.3899957594065639,0.35
45674,3.b.3,0.6037080434483106,0.6
46864,3.8.1,0.5981267893279933,0.45
46910,3.1.2,0.2728456963279616,0.2
46910,3.7.1,0.5529590379961689,0.45
46910,3.7.2,0.5745878719330093,0.35
46910,3.8.1,0.6846628228724031,0.45
46910,3.d.1,0.46548718798881106,0.45
48455,3.8.1,0.682672320171017,0.45
48455,3.8.2,0.6932506554627818,0.65
48455,3.d.1,0.5223800157872651,0.45
48740,3.8.1,0.5173927697403671,0.45
48740,3.b.3,0.6427188857495542,0.6
48946,3.2.1,0.7341846848522664,0.65
48946,3.8.1,0.8489217903830816,0.45
50379,3.b.2,0.8892946721152242,0.35
50523,3.2.1,0.8479400118931193,0.65
50532,3.b.2,0.9449234706676526,0.35
50754,3.1.2,0.20701785280543433,0.2
50754,3.8.1,0.6977182938654367,0.45
50754,3.b.2,0.41344475308685835,0.35
50754,3.b.3,0.8226163512217468,0.6
50766,3.b.2,0.5278813132509459,0.35
50870,3.1.2,0.23995233791460696,0.2
50870,3.8.1,0.7325774906004564,0.45
51044,3.3.5,0.38842444094682804,0.3
51141,3.1.2,0.8954234440597424,0.2
51141,3.7.1,0.9904930566960006,0.45
51141,3.7.2,0.9902406207971988,0.35
51141,3.8.1,0.9559647920080003,0.45
51251,3.d.1,0.8302191013915743,0.45
91267,3.3.5,0.6659375305090531,0.3
90949,3.3.5,0.3931489985748774,0.3
90949,3.9.2,0.9031211954705709,0.55
90267,3.8.1,0.705973743237887,0.45
90267,3.b.3,0.7831923905161919,0.6
90628,3.b.2,0.411332299388019,0.35
90630,3.d.1,0.7441597321836064,0.45
90726,3.8.1,0.46481905319119177,0.45
90907,3.2.1,0.9733186619163682,0.65
90936,3.8.1,0.49077191071418946,0.45
90936,3.d.1,0.8660723019605416,0.45
91064,3.8.1,0.2221538352456794,0.45
91069,3.3.5,0.8346066471264282,0.3
91164,3.7.1,0.9497109994604809,0.45
91164,3.7.2,0.9716501511696265,0.35
91207,3.4.1,0.8722443383891101,0.5
91207,3.8.1,0.9335825127964401,0.45
91225,3.8.1,0.49163440277533926,0.45
91354,3.8.1,0.7395657245031111,0.45
91356,3.8.1,0.8681078593980049,0.45
91426,3.4.1,0.678149210080725,0.5
91491,3.d.1,0.9219937662969355,0.45
91527,3.3.5,0.995077730613322,0.3
92717,3.4.1,0.8909888865995568,0.5
92717,3.a.1,0.5382246792237928,0.35
92367,3.8.1,0.35075558542912677,0.45
91013,3.1.2,0.4371107083827068,0.2
91013,3.2.1,0.7981499671868278,0.65
91013,3.2.2,0.6977159750669233,0.65
91013,3.8.1,0.8844883191920435,0.45
91758,3.d.1,0.8907860791693685,0.45
92608,3.2.2,0.294541300706849,0.65
92766,3.4.1,0.9767234156677318,0.5
92862,3.3.5,0.9439282233823947,0.3
92862,3.b.1,0.6175380871888442,0.25
92862,3.d.1,0.6284830098589609,0.45
92715,3.8.1,0.7105573893250394,0.45
92824,3.3.5,0.9628316481491339,0.3
92824,3.d.1,0.9682991137910717,0.45
92131,3.2.1,0.9282135639653855,0.65
92212,3.1.2,0.3114575082051062,0.2
92229,3.8.1,0.9449396306314692,0.45
91729,3.7.1,0.4787800903788333,0.45
91729,3.7.2,0.41296996542990994,0.35
91729,3.8.1,0.48075826651277465,0.45
92837,3.3.5,0.3171033794595328,0.3
92348,3.3.5,0.923724281179942,0.3
92348,3.8.1,0.6242040913079419,0.45
92294,3.1.2,0.38785614077488917,0.2
92294,3.8.1,0.5015770491046009,0.45
92294,3.c.1,0.7799792964769943,0.6
92929,3.3.5,0.7840434611195788,0.3
12894,3.b.2,0.3384534967019262,0.35
286296,3.5.1,0.28742972844421877,0.5
295197,3.b.2,0.8939538972425494,0.35
294360,3.b.2,0.6368453535649037,0.35
294360,3.b.3,0.6047999182632462,0.6
284685,3.3.1,0.9541082887326136,0.4
284685,3.3.4,0.9762212985826908,0.25
277861,3.5.1,0.5264406691029255,0.5
277861,3.5.2,0.8004303064728485,0.55
277861,3.b.2,0.7354429073683202,0.35
285814,3.9.2,0.9993471385334673,0.55
216539,3.1.1,0.9697744739773719,0.65
216539,3.4.1,0.9971405453966014,0.5
216554,3.4.1,0.9998822954420452,0.5
217525,3.4.1,0.955751922655961,0.5
218263,3.4.1,0.9974379541105112,0.5
218265,3.4.1,0.9992634940570191,0.5
218440,3.4.1,0.9975128014909577,0.5
218506,3.4.1,0.9983828897942792,0.5
218507,3.4.1,0.9953683095679755,0.5
218508,3.4.1,0.9882495394942089,0.5
218510,3.4.1,0.995106453420316,0.5
218517,3.1.1,0.9866056787039161,0.65
218517,3.4.1,0.9973160459191974,0.5
218518,3.2.1,0.989940260168596,0.65
218518,3.4.1,0.9970073815777432,0.5
218564,3.4.1,0.9946621633564252,0.5
218565,3.4.1,0.9987237903655326,0.5
218779,3.4.1,0.9988774902621113,0.5
218799,3.4.1,0.9979708049396517,0.5
218801,3.4.1,0.9998844756973749,0.5
218811,3.4.1,0.9933745789651145,0.5
218987,3.4.1,0.9990423531378099,0.5
219220,3.4.1,0.990605318105233,0.5
219468,3.4.1,0.9982717367039458,0.5
220572,3.4.1,0.9998844756973749,0.5
220791,3.4.1,0.9804828811186355,0.5
220791,3.8.1,0.5772015205592418,0.45
220826,3.4.1,0.9981498594252669,0.5
220836,3.4.1,0.9946054341011608,0.5
220929,3.2.1,0.9820799953809284,0.65
220929,3.4.1,0.9966596565530632,0.5
221074,3.4.1,0.9954612390914224,0.5
221074,3.8.1,0.6356463036143,0.45
221082,3.4.1,0.996519806490872,0.5
221082,3.c.1,0.9930557977524381,0.6
221087,3.4.1,0.998562460080541,0.5
221128,3.4.1,0.9924330873069935,0.5
221226,3.4.1,0.9905939019563166,0.5
221230,3.4.1,0.9985766307579135,0.5
221240,3.4.1,0.99844058112601,0.5
221257,3.4.1,0.9990328878437023,0.5
221257,3.8.1,0.6048923952800271,0.45
221282,3.4.1,0.9990000277977111,0.5
221284,3.4.1,0.9989074608368476,0.5
224597,3.4.1,0.9699441863298871,0.5
224597,3.b.2,0.3815174211310194,0.35
228193,3.4.1,0.9884087558052714,0.5
231465,3.4.1,0.9911430545348516,0.5
231465,3.b.2,0.5200981117509357,0.35
231465,3.b.3,0.6442359566642906,0.6
234426,3.4.1,0.9900237368279605,0.5
276087,3.b.2,0.6715457557124713,0.35
285851,3.8.1,0.7371604641884106,0.45
285851,3.b.2,0.39749151320960696,0.35
285851,3.b.3,0.7194128627999343,0.6
255370,3.3.5,0.5505563056543269,0.3
283667,3.3.5,0.6508075999520178,0.3
283667,3.b.2,0.5330393741585923,0.35
293397,3.3.5,0.4466385538248865,0.3
232817,3.2.2,0.9055146879232364,0.65
258133,3.1.1,0.6946383374822188,0.65
258133,3.1.2,0.4744086087427302,0.2
258133,3.2.1,0.9107810865037966,0.65
258133,3.2.2,0.9738768156348381,0.65
271457,3.6.1,0.21022406409682026,0.15
271457,3.b.2,0.7004864156768253,0.35
282632,3.1.1,0.9378518220568866,0.65
282632,3.2.1,0.9266186849253637,0.65
282632,3.2.2,0.8616451695773599,0.65
282632,3.7.1,0.8532709154031933,0.45
282632,3.7.2,0.8544313279688236,0.35
282632,3.8.1,0.6601261387275323,0.45
284854,3.1.1,0.8276716817520899,0.65
284854,3.2.1,0.7401163309168388,0.65
284854,3.2.2,0.9839305949004928,0.65
288369,3.1.1,0.9315177079133965,0.65
288369,3.1.2,0.3778076639750257,0.2
288369,3.2.2,0.9965335835097286,0.65
293683,3.8.1,0.6648378888883191,0.45
293683,3.b.2,0.9264921909069535,0.35
293683,3.b.3,0.7168441501883435,0.6
252429,3.b.2,0.8551129986230166,0.35
279349,3.5.1,0.6977571949026131,0.5
279349,3.5.2,0.5823191513508033,0.55
279349,3.b.2,0.8769454583808964,0.35
286477,3.4.1,0.8464472201220303,0.5
286477,3.9.3,0.5558272189639961,0.4
286477,3.b.1,0.6533786804276704,0.25
286477,3.b.2,0.7932579310257792,0.35
286477,3.b.3,0.7599047369997188,0.6
231245,3.b.1,0.9740917358169991,0.25
231245,3.b.2,0.5925087028312028,0.35
232530,3.b.1,0.9178947418998251,0.25
233341,3.b.1,0.4804580198674356,0.25
233349,3.b.1,0.5684260022997776,0.25
233349,3.b.2,0.6171554306433318,0.35
233356,3.b.1,0.952864615578938,0.25
233356,3.b.2,0.5471108689915036,0.35
235487,3.b.1,0.9871903256324213,0.25
235487,3.b.2,0.9000197319367218,0.35
235503,3.b.1,0.9352877379237365,0.25
235503,3.b.2,0.5296476699073146,0.35
259783,3.4.1,0.9700852591632165,0.5
259783,3.9.3,0.748235448750329,0.4
259783,3.b.1,0.4215922125673075,0.25
259783,3.b.2,0.9080986906564557,0.35
259783,3.b.3,0.9287101302108506,0.6
261323,3.3.5,0.8487335761547192,0.3
261323,3.b.1,0.8909935608712692,0.25
261323,3.b.2,0.8943875014263435,0.35
270562,3.3.1,0.8781443923442992,0.4
270562,3.b.1,0.6958783316785792,0.25
270562,3.b.2,0.8472307830040147,0.35
271973,3.3.1,0.8771280833000725,0.4
271973,3.b.1,0.2840180248049542,0.25
271973,3.b.2,0.8559414870993056,0.35
280228,3.3.2,0.957461892163767,0.4
280228,3.b.1,0.31710493072798074,0.25
280228,3.b.2,0.8993530186803739,0.35
285853,3.3.3,0.5648469842041094,0.5
285853,3.3.5,0.3683299205691928,0.3
285853,3.b.1,0.6898269025440766,0.25
286269,3.b.1,0.9258340546735181,0.25
286269,3.b.2,0.8142323384503507,0.35
286630,3.3.1,0.8051472516326289,0.4
286630,3.b.1,0.4879429110564887,0.25
286630,3.b.2,0.718432381152827,0.35
289468,3.3.4,0.30331843006058407,0.25
289468,3.3.5,0.6676008937750403,0.3
289468,3.b.1,0.9821217504744626,0.25
290553,3.9.3,0.44477268359180067,0.4
290553,3.b.1,0.5708327087651631,0.25
290553,3.b.2,0.8288085747816076,0.35
292473,3.b.1,0.3855328306328045,0.25
292473,3.b.2,0.8591266198681055,0.35
295201,3.3.5,0.7305607031580904,0.3
295201,3.b.1,0.924669928377089,0.25
295201,3.b.2,0.9567664557943598,0.35
295264,3.b.1,0.8822293598012663,0.25
295264,3.b.3,0.6439872691403291,0.6
208851,3.7.1,0.9977492519235126,0.45
208851,3.7.2,0.9978205186461405,0.35
210266,3.1.2,0.6207175339963034,0.2
210266,3.7.1,0.9877420029561823,0.45
210266,3.7.2,0.9876554794358884,0.35
212150,3.7.1,0.9986584731648069,0.45
212150,3.7.2,0.9992146169813996,0.35
223936,3.1.2,0.2536431795954154,0.2
223936,3.7.1,0.9948866301253791,0.45
223936,3.7.2,0.995185566476002,0.35
223936,3.8.1,0.6629845199193518,0.45
234384,3.1.2,0.4178389853953913,0.2
234384,3.7.1,0.9986484774226221,0.45
234384,3.7.2,0.998243304232,0.35
234384,3.8.1,0.7269272387903156,0.45
40545,3.1.2,0.20425201889065991,0.2
40545,3.3.1,0.994179035147988,0.4
40545,3.3.2,0.9777765776971435,0.4
40545,3.3.3,0.9556968715961132,0.5
35063,3.1.2,0.36053354254779224,0.2
35063,3.7.1,0.8887991981034867,0.45
35063,3.7.2,0.8635632723595557,0.35
35063,3.8.1,0.7424698159115479,0.45
40220,3.1.2,0.48747977346903837,0.2
40220,3.7.1,0.9981637944480137,0.45
40220,3.7.2,0.9884364854258318,0.35
40220,3.8.1,0.8180302668273656,0.45
36856,3.9.2,0.9882184587312859,0.55
40404,3.4.1,0.9683034946937485,0.5
41511,3.d.1,0.9964672675310013,0.45
33954,3.9.2,0.9973965102590178,0.55
37208,3.1.2,0.5728165237351255,0.2
37208,3.7.1,0.9786121210299399,0.45
37208,3.7.2,0.9087800563568837,0.35
37208,3.8.1,0.9102334667970948,0.45
37208,3.8.2,0.7608292531952934,0.65
35875,3.1.2,0.6304233639871966,0.2
35875,3.7.1,0.9999092017046931,0.45
35875,3.7.2,0.9997156434114634,0.35
35875,3.8.1,0.8957185947585535,0.45
35128,3.9.2,0.992066955970911,0.55
39356,3.8.1,0.5815697849757104,0.45
39356,3.b.1,0.2563882888301886,0.25
39356,3.b.3,0.6252406969812666,0.6
35489,3.1.1,0.9894325387069226,0.65
35489,3.1.2,0.8300167726394054,0.2
35489,3.2.1,0.8622805695092248,0.65
35489,3.2.2,0.9977200668493506,0.65
35489,3.b.2,0.42444096321767144,0.35
33881,3.9.2,0.9946915006645348,0.55
33289,3.1.1,0.8500390872617574,0.65
33289,3.2.1,0.7496698818598413,0.65
33289,3.8.1,0.49031768916371743,0.45
39156,3.1.1,0.9928459420807694,0.65
39156,3.1.2,0.3335458109778201,0.2
39156,3.2.1,0.9720917941978673,0.65
35084,3.4.1,0.6951908956729775,0.5
35084,3.8.1,0.572991575374167,0.45
35084,3.b.1,0.9068669626977197,0.25
35789,3.2.1,0.8184036607026839,0.65
35789,3.4.2,0.829537584894017,0.55
35789,3.5.1,0.8216576772144453,0.5
35789,3.7.1,0.5756261682622683,0.45
35789,3.7.2,0.3631567962404123,0.35
40993,3.1.1,0.663725956586328,0.65
40993,3.1.2,0.948839894263311,0.2
40993,3.2.2,0.680571494189107,0.65
40993,3.7.1,0.5555124430450656,0.45
40993,3.7.2,0.49913327129928686,0.35
40993,3.c.1,0.9381243337868581,0.6
33933,3.9.2,0.9954208019753679,0.55
31995,3.3.4,0.41159977419525556,0.25
31995,3.3.5,0.5046070080630819,0.3
31995,3.b.1,0.9298404132354519,0.25
35223,3.9.1,0.7631433599486225,0.3
33926,3.1.1,0.9943121713529199,0.65
33926,3.1.2,0.8537681073243457,0.2
33926,3.2.1,0.984471215464614,0.65
33926,3.2.2,0.9765735713806005,0.65
33926,3.8.1,0.5485479493792482,0.45
41055,3.1.1,0.9926304163153875,0.65
41055,3.1.2,0.2569365267081223,0.2
41055,3.2.1,0.941787889693052,0.65
41055,3.2.2,0.9808160102676589,0.65
32479,3.9.2,0.9993009712219905,0.55
40011,3.1.2,0.26106505591564894,0.2
40011,3.d.1,0.5734502293110004,0.45
32102,3.7.1,0.49109186145489364,0.45
32102,3.8.1,0.7544231278640811,0.45
33884,3.1.2,0.48104652008716714,0.2
33884,3.8.1,0.8642253928215373,0.45
30519,3.1.2,0.5030698025534734,0.2
30519,3.8.1,0.692195690029193,0.45
38108,3.9.1,0.9890586099402583,0.3
38108,3.9.3,0.40039991963437527,0.4
30360,3.1.2,0.25625680216710467,0.2
30360,3.8.1,0.809632681349985,0.45
30360,3.8.2,0.7134523404087815,0.65
30360,3.b.1,0.5531395516434656,0.25
33883,3.3.5,0.7267700926373001,0.3
33883,3.d.1,0.9750308500814876,0.45
36296,3.8.1,0.7793513886562893,0.45
33871,3.1.1,0.9291375660631833,0.65
33871,3.1.2,0.7240732158598512,0.2
33871,3.8.1,0.5545358642945536,0.45
